model_id,benchmark_id,protocol,transition,candidate_changed_normalized,candidate_changed_exact,count
deepseek-coder-v2-lite-instruct,bigcodebench_instruct,cpr,functional_preservation,false,false,70
deepseek-coder-v2-lite-instruct,bigcodebench_instruct,cpr,functional_preservation,true,true,251
deepseek-coder-v2-lite-instruct,bigcodebench_instruct,cpr,regression,true,true,114
deepseek-coder-v2-lite-instruct,bigcodebench_instruct,cpr,repair,true,true,28
deepseek-coder-v2-lite-instruct,bigcodebench_instruct,cpr,unrepaired_failure,false,false,63
deepseek-coder-v2-lite-instruct,bigcodebench_instruct,cpr,unrepaired_failure,true,true,600
deepseek-coder-v2-lite-instruct,bigcodebench_instruct,cr,functional_preservation,false,false,86
deepseek-coder-v2-lite-instruct,bigcodebench_instruct,cr,functional_preservation,true,true,249
deepseek-coder-v2-lite-instruct,bigcodebench_instruct,cr,regression,true,true,100
deepseek-coder-v2-lite-instruct,bigcodebench_instruct,cr,repair,true,true,33
deepseek-coder-v2-lite-instruct,bigcodebench_instruct,cr,unrepaired_failure,false,false,97
deepseek-coder-v2-lite-instruct,bigcodebench_instruct,cr,unrepaired_failure,true,true,562
deepseek-coder-v2-lite-instruct,bigcodebench_instruct,dcpr,functional_preservation,false,false,435
deepseek-coder-v2-lite-instruct,bigcodebench_instruct,dcpr,unrepaired_failure,false,false,693
deepseek-coder-v2-lite-instruct,bigcodebench_instruct,dcr,functional_preservation,false,false,435
deepseek-coder-v2-lite-instruct,bigcodebench_instruct,dcr,unrepaired_failure,false,false,693
deepseek-coder-v2-lite-instruct,bigcodebench_instruct,direct,functional_preservation,false,false,435
deepseek-coder-v2-lite-instruct,bigcodebench_instruct,direct,unrepaired_failure,false,false,693
deepseek-coder-v2-lite-instruct,bigcodebench_instruct,dr,functional_preservation,false,false,435
deepseek-coder-v2-lite-instruct,bigcodebench_instruct,dr,unrepaired_failure,false,false,693
deepseek-coder-v2-lite-instruct,bigcodebench_instruct,r,functional_preservation,false,false,391
deepseek-coder-v2-lite-instruct,bigcodebench_instruct,r,functional_preservation,true,true,40
deepseek-coder-v2-lite-instruct,bigcodebench_instruct,r,regression,false,false,1
deepseek-coder-v2-lite-instruct,bigcodebench_instruct,r,regression,true,true,3
deepseek-coder-v2-lite-instruct,bigcodebench_instruct,r,repair,true,true,2
deepseek-coder-v2-lite-instruct,bigcodebench_instruct,r,unrepaired_failure,false,false,587
deepseek-coder-v2-lite-instruct,bigcodebench_instruct,r,unrepaired_failure,true,true,104
deepseek-coder-v2-lite-instruct,bigcodebench_instruct,sc_cpr,functional_preservation,false,false,206
deepseek-coder-v2-lite-instruct,bigcodebench_instruct,sc_cpr,functional_preservation,true,true,38
deepseek-coder-v2-lite-instruct,bigcodebench_instruct,sc_cpr,regression,true,true,7
deepseek-coder-v2-lite-instruct,bigcodebench_instruct,sc_cpr,repair,true,true,6
deepseek-coder-v2-lite-instruct,bigcodebench_instruct,sc_cpr,unrepaired_failure,false,false,278
deepseek-coder-v2-lite-instruct,bigcodebench_instruct,sc_cpr,unrepaired_failure,true,true,107
deepseek-coder-v2-lite-instruct,bigcodebench_instruct,sc_cr,functional_preservation,false,false,312
deepseek-coder-v2-lite-instruct,bigcodebench_instruct,sc_cr,functional_preservation,true,true,94
deepseek-coder-v2-lite-instruct,bigcodebench_instruct,sc_cr,regression,true,true,10
deepseek-coder-v2-lite-instruct,bigcodebench_instruct,sc_cr,repair,true,true,7
deepseek-coder-v2-lite-instruct,bigcodebench_instruct,sc_cr,unrepaired_failure,false,false,466
deepseek-coder-v2-lite-instruct,bigcodebench_instruct,sc_cr,unrepaired_failure,true,true,182
deepseek-coder-v2-lite-instruct,bigcodebench_instruct,sc_dcpr,functional_preservation,false,false,405
deepseek-coder-v2-lite-instruct,bigcodebench_instruct,sc_dcpr,functional_preservation,false,true,1
deepseek-coder-v2-lite-instruct,bigcodebench_instruct,sc_dcpr,functional_preservation,true,true,15
deepseek-coder-v2-lite-instruct,bigcodebench_instruct,sc_dcpr,regression,true,true,7
deepseek-coder-v2-lite-instruct,bigcodebench_instruct,sc_dcpr,repair,true,true,4
deepseek-coder-v2-lite-instruct,bigcodebench_instruct,sc_dcpr,unrepaired_failure,false,false,618
deepseek-coder-v2-lite-instruct,bigcodebench_instruct,sc_dcpr,unrepaired_failure,true,true,60
deepseek-coder-v2-lite-instruct,bigcodebench_instruct,sc_dcr,functional_preservation,false,false,405
deepseek-coder-v2-lite-instruct,bigcodebench_instruct,sc_dcr,functional_preservation,true,true,22
deepseek-coder-v2-lite-instruct,bigcodebench_instruct,sc_dcr,regression,false,false,2
deepseek-coder-v2-lite-instruct,bigcodebench_instruct,sc_dcr,regression,true,true,5
deepseek-coder-v2-lite-instruct,bigcodebench_instruct,sc_dcr,repair,true,true,5
deepseek-coder-v2-lite-instruct,bigcodebench_instruct,sc_dcr,unrepaired_failure,false,false,604
deepseek-coder-v2-lite-instruct,bigcodebench_instruct,sc_dcr,unrepaired_failure,true,true,80
deepseek-coder-v2-lite-instruct,bigcodebench_instruct,sc_dr,functional_preservation,false,false,397
deepseek-coder-v2-lite-instruct,bigcodebench_instruct,sc_dr,functional_preservation,true,true,32
deepseek-coder-v2-lite-instruct,bigcodebench_instruct,sc_dr,regression,false,false,1
deepseek-coder-v2-lite-instruct,bigcodebench_instruct,sc_dr,regression,true,true,5
deepseek-coder-v2-lite-instruct,bigcodebench_instruct,sc_dr,repair,true,true,6
deepseek-coder-v2-lite-instruct,bigcodebench_instruct,sc_dr,unrepaired_failure,false,false,599
deepseek-coder-v2-lite-instruct,bigcodebench_instruct,sc_dr,unrepaired_failure,true,true,88
deepseek-coder-v2-lite-instruct,humaneval_plus,cpr,functional_preservation,false,false,59
deepseek-coder-v2-lite-instruct,humaneval_plus,cpr,functional_preservation,true,true,45
deepseek-coder-v2-lite-instruct,humaneval_plus,cpr,regression,true,true,21
deepseek-coder-v2-lite-instruct,humaneval_plus,cpr,repair,true,true,7
deepseek-coder-v2-lite-instruct,humaneval_plus,cpr,unrepaired_failure,false,false,7
deepseek-coder-v2-lite-instruct,humaneval_plus,cpr,unrepaired_failure,true,true,21
deepseek-coder-v2-lite-instruct,humaneval_plus,cr,functional_preservation,false,false,61
deepseek-coder-v2-lite-instruct,humaneval_plus,cr,functional_preservation,true,true,47
deepseek-coder-v2-lite-instruct,humaneval_plus,cr,regression,true,true,17
deepseek-coder-v2-lite-instruct,humaneval_plus,cr,repair,true,true,7
deepseek-coder-v2-lite-instruct,humaneval_plus,cr,unrepaired_failure,false,false,9
deepseek-coder-v2-lite-instruct,humaneval_plus,cr,unrepaired_failure,true,true,19
deepseek-coder-v2-lite-instruct,humaneval_plus,dcpr,functional_preservation,false,false,126
deepseek-coder-v2-lite-instruct,humaneval_plus,dcpr,unrepaired_failure,false,false,36
deepseek-coder-v2-lite-instruct,humaneval_plus,dcr,functional_preservation,false,false,126
deepseek-coder-v2-lite-instruct,humaneval_plus,dcr,unrepaired_failure,false,false,36
deepseek-coder-v2-lite-instruct,humaneval_plus,direct,functional_preservation,false,false,126
deepseek-coder-v2-lite-instruct,humaneval_plus,direct,unrepaired_failure,false,false,36
deepseek-coder-v2-lite-instruct,humaneval_plus,dr,functional_preservation,false,false,126
deepseek-coder-v2-lite-instruct,humaneval_plus,dr,unrepaired_failure,false,false,36
deepseek-coder-v2-lite-instruct,humaneval_plus,r,functional_preservation,false,false,118
deepseek-coder-v2-lite-instruct,humaneval_plus,r,functional_preservation,true,true,6
deepseek-coder-v2-lite-instruct,humaneval_plus,r,regression,true,true,2
deepseek-coder-v2-lite-instruct,humaneval_plus,r,repair,true,true,1
deepseek-coder-v2-lite-instruct,humaneval_plus,r,unrepaired_failure,false,false,31
deepseek-coder-v2-lite-instruct,humaneval_plus,r,unrepaired_failure,true,true,4
deepseek-coder-v2-lite-instruct,humaneval_plus,sc_cpr,functional_preservation,false,false,78
deepseek-coder-v2-lite-instruct,humaneval_plus,sc_cpr,functional_preservation,true,true,18
deepseek-coder-v2-lite-instruct,humaneval_plus,sc_cpr,regression,true,true,6
deepseek-coder-v2-lite-instruct,humaneval_plus,sc_cpr,repair,true,true,3
deepseek-coder-v2-lite-instruct,humaneval_plus,sc_cpr,unrepaired_failure,false,false,10
deepseek-coder-v2-lite-instruct,humaneval_plus,sc_cpr,unrepaired_failure,true,true,13
deepseek-coder-v2-lite-instruct,humaneval_plus,sc_cr,functional_preservation,false,false,96
deepseek-coder-v2-lite-instruct,humaneval_plus,sc_cr,functional_preservation,true,true,23
deepseek-coder-v2-lite-instruct,humaneval_plus,sc_cr,regression,true,true,2
deepseek-coder-v2-lite-instruct,humaneval_plus,sc_cr,repair,true,true,2
deepseek-coder-v2-lite-instruct,humaneval_plus,sc_cr,unrepaired_failure,false,false,21
deepseek-coder-v2-lite-instruct,humaneval_plus,sc_cr,unrepaired_failure,true,true,11
deepseek-coder-v2-lite-instruct,humaneval_plus,sc_dcpr,functional_preservation,false,false,124
deepseek-coder-v2-lite-instruct,humaneval_plus,sc_dcpr,functional_preservation,true,true,1
deepseek-coder-v2-lite-instruct,humaneval_plus,sc_dcpr,regression,true,true,1
deepseek-coder-v2-lite-instruct,humaneval_plus,sc_dcpr,unrepaired_failure,false,false,31
deepseek-coder-v2-lite-instruct,humaneval_plus,sc_dcpr,unrepaired_failure,true,true,3
deepseek-coder-v2-lite-instruct,humaneval_plus,sc_dcr,functional_preservation,false,false,124
deepseek-coder-v2-lite-instruct,humaneval_plus,sc_dcr,functional_preservation,true,true,1
deepseek-coder-v2-lite-instruct,humaneval_plus,sc_dcr,regression,true,true,1
deepseek-coder-v2-lite-instruct,humaneval_plus,sc_dcr,repair,true,true,1
deepseek-coder-v2-lite-instruct,humaneval_plus,sc_dcr,unrepaired_failure,false,false,29
deepseek-coder-v2-lite-instruct,humaneval_plus,sc_dcr,unrepaired_failure,true,true,5
deepseek-coder-v2-lite-instruct,humaneval_plus,sc_dr,functional_preservation,false,false,125
deepseek-coder-v2-lite-instruct,humaneval_plus,sc_dr,functional_preservation,true,true,1
deepseek-coder-v2-lite-instruct,humaneval_plus,sc_dr,unrepaired_failure,false,false,31
deepseek-coder-v2-lite-instruct,humaneval_plus,sc_dr,unrepaired_failure,true,true,5
deepseek-coder-v2-lite-instruct,mbpp_plus,cpr,functional_preservation,false,false,144
deepseek-coder-v2-lite-instruct,mbpp_plus,cpr,functional_preservation,true,true,75
deepseek-coder-v2-lite-instruct,mbpp_plus,cpr,regression,true,true,57
deepseek-coder-v2-lite-instruct,mbpp_plus,cpr,repair,true,true,5
deepseek-coder-v2-lite-instruct,mbpp_plus,cpr,unrepaired_failure,false,false,37
deepseek-coder-v2-lite-instruct,mbpp_plus,cpr,unrepaired_failure,true,true,56
deepseek-coder-v2-lite-instruct,mbpp_plus,cr,functional_preservation,false,false,151
deepseek-coder-v2-lite-instruct,mbpp_plus,cr,functional_preservation,true,true,73
deepseek-coder-v2-lite-instruct,mbpp_plus,cr,regression,true,true,52
deepseek-coder-v2-lite-instruct,mbpp_plus,cr,repair,true,true,11
deepseek-coder-v2-lite-instruct,mbpp_plus,cr,unrepaired_failure,false,false,38
deepseek-coder-v2-lite-instruct,mbpp_plus,cr,unrepaired_failure,true,true,48
deepseek-coder-v2-lite-instruct,mbpp_plus,dcpr,functional_preservation,false,false,276
deepseek-coder-v2-lite-instruct,mbpp_plus,dcpr,unrepaired_failure,false,false,98
deepseek-coder-v2-lite-instruct,mbpp_plus,dcr,functional_preservation,false,false,276
deepseek-coder-v2-lite-instruct,mbpp_plus,dcr,unrepaired_failure,false,false,98
deepseek-coder-v2-lite-instruct,mbpp_plus,direct,functional_preservation,false,false,276
deepseek-coder-v2-lite-instruct,mbpp_plus,direct,unrepaired_failure,false,false,98
deepseek-coder-v2-lite-instruct,mbpp_plus,dr,functional_preservation,false,false,276
deepseek-coder-v2-lite-instruct,mbpp_plus,dr,unrepaired_failure,false,false,98
deepseek-coder-v2-lite-instruct,mbpp_plus,r,functional_preservation,false,false,268
deepseek-coder-v2-lite-instruct,mbpp_plus,r,functional_preservation,true,true,7
deepseek-coder-v2-lite-instruct,mbpp_plus,r,regression,true,true,1
deepseek-coder-v2-lite-instruct,mbpp_plus,r,repair,true,true,2
deepseek-coder-v2-lite-instruct,mbpp_plus,r,unrepaired_failure,false,false,89
deepseek-coder-v2-lite-instruct,mbpp_plus,r,unrepaired_failure,true,true,7
deepseek-coder-v2-lite-instruct,mbpp_plus,sc_cpr,functional_preservation,false,false,248
deepseek-coder-v2-lite-instruct,mbpp_plus,sc_cpr,functional_preservation,true,true,18
deepseek-coder-v2-lite-instruct,mbpp_plus,sc_cpr,regression,true,true,3
deepseek-coder-v2-lite-instruct,mbpp_plus,sc_cpr,repair,true,true,3
deepseek-coder-v2-lite-instruct,mbpp_plus,sc_cpr,unrepaired_failure,false,false,82
deepseek-coder-v2-lite-instruct,mbpp_plus,sc_cpr,unrepaired_failure,true,true,11
deepseek-coder-v2-lite-instruct,mbpp_plus,sc_cr,functional_preservation,false,false,233
deepseek-coder-v2-lite-instruct,mbpp_plus,sc_cr,functional_preservation,true,true,37
deepseek-coder-v2-lite-instruct,mbpp_plus,sc_cr,regression,true,true,6
deepseek-coder-v2-lite-instruct,mbpp_plus,sc_cr,repair,true,true,5
deepseek-coder-v2-lite-instruct,mbpp_plus,sc_cr,unrepaired_failure,false,false,75
deepseek-coder-v2-lite-instruct,mbpp_plus,sc_cr,unrepaired_failure,true,true,18
deepseek-coder-v2-lite-instruct,mbpp_plus,sc_dcpr,functional_preservation,false,false,263
deepseek-coder-v2-lite-instruct,mbpp_plus,sc_dcpr,functional_preservation,true,true,4
deepseek-coder-v2-lite-instruct,mbpp_plus,sc_dcpr,regression,true,true,3
deepseek-coder-v2-lite-instruct,mbpp_plus,sc_dcpr,repair,true,true,2
deepseek-coder-v2-lite-instruct,mbpp_plus,sc_dcpr,unrepaired_failure,false,false,81
deepseek-coder-v2-lite-instruct,mbpp_plus,sc_dcpr,unrepaired_failure,true,true,9
deepseek-coder-v2-lite-instruct,mbpp_plus,sc_dcr,functional_preservation,false,false,263
deepseek-coder-v2-lite-instruct,mbpp_plus,sc_dcr,functional_preservation,true,true,5
deepseek-coder-v2-lite-instruct,mbpp_plus,sc_dcr,regression,true,true,3
deepseek-coder-v2-lite-instruct,mbpp_plus,sc_dcr,repair,true,true,3
deepseek-coder-v2-lite-instruct,mbpp_plus,sc_dcr,unrepaired_failure,false,false,81
deepseek-coder-v2-lite-instruct,mbpp_plus,sc_dcr,unrepaired_failure,true,true,10
deepseek-coder-v2-lite-instruct,mbpp_plus,sc_dr,functional_preservation,false,false,269
deepseek-coder-v2-lite-instruct,mbpp_plus,sc_dr,functional_preservation,true,true,3
deepseek-coder-v2-lite-instruct,mbpp_plus,sc_dr,regression,true,true,4
deepseek-coder-v2-lite-instruct,mbpp_plus,sc_dr,repair,true,true,2
deepseek-coder-v2-lite-instruct,mbpp_plus,sc_dr,unrepaired_failure,false,false,84
deepseek-coder-v2-lite-instruct,mbpp_plus,sc_dr,unrepaired_failure,true,true,11
devstral-small-2-24b-instruct,bigcodebench_instruct,cpr,functional_preservation,false,false,144
devstral-small-2-24b-instruct,bigcodebench_instruct,cpr,functional_preservation,true,true,255
devstral-small-2-24b-instruct,bigcodebench_instruct,cpr,regression,true,true,139
devstral-small-2-24b-instruct,bigcodebench_instruct,cpr,repair,true,true,31
devstral-small-2-24b-instruct,bigcodebench_instruct,cpr,unrepaired_failure,false,false,76
devstral-small-2-24b-instruct,bigcodebench_instruct,cpr,unrepaired_failure,true,true,488
devstral-small-2-24b-instruct,bigcodebench_instruct,cr,functional_preservation,false,false,174
devstral-small-2-24b-instruct,bigcodebench_instruct,cr,functional_preservation,true,true,254
devstral-small-2-24b-instruct,bigcodebench_instruct,cr,regression,true,true,109
devstral-small-2-24b-instruct,bigcodebench_instruct,cr,repair,true,true,28
devstral-small-2-24b-instruct,bigcodebench_instruct,cr,unrepaired_failure,false,false,95
devstral-small-2-24b-instruct,bigcodebench_instruct,cr,unrepaired_failure,true,true,474
devstral-small-2-24b-instruct,bigcodebench_instruct,dcpr,functional_preservation,false,false,533
devstral-small-2-24b-instruct,bigcodebench_instruct,dcpr,functional_preservation,true,true,3
devstral-small-2-24b-instruct,bigcodebench_instruct,dcpr,regression,true,true,2
devstral-small-2-24b-instruct,bigcodebench_instruct,dcpr,repair,true,true,4
devstral-small-2-24b-instruct,bigcodebench_instruct,dcpr,unrepaired_failure,false,false,558
devstral-small-2-24b-instruct,bigcodebench_instruct,dcpr,unrepaired_failure,true,true,36
devstral-small-2-24b-instruct,bigcodebench_instruct,dcr,functional_preservation,false,false,533
devstral-small-2-24b-instruct,bigcodebench_instruct,dcr,functional_preservation,true,true,3
devstral-small-2-24b-instruct,bigcodebench_instruct,dcr,regression,true,true,2
devstral-small-2-24b-instruct,bigcodebench_instruct,dcr,repair,true,true,2
devstral-small-2-24b-instruct,bigcodebench_instruct,dcr,unrepaired_failure,false,false,558
devstral-small-2-24b-instruct,bigcodebench_instruct,dcr,unrepaired_failure,true,true,38
devstral-small-2-24b-instruct,bigcodebench_instruct,direct,functional_preservation,false,false,538
devstral-small-2-24b-instruct,bigcodebench_instruct,direct,unrepaired_failure,false,false,598
devstral-small-2-24b-instruct,bigcodebench_instruct,dr,functional_preservation,false,false,536
devstral-small-2-24b-instruct,bigcodebench_instruct,dr,functional_preservation,true,true,1
devstral-small-2-24b-instruct,bigcodebench_instruct,dr,regression,true,true,1
devstral-small-2-24b-instruct,bigcodebench_instruct,dr,repair,true,true,3
devstral-small-2-24b-instruct,bigcodebench_instruct,dr,unrepaired_failure,false,false,578
devstral-small-2-24b-instruct,bigcodebench_instruct,dr,unrepaired_failure,true,true,17
devstral-small-2-24b-instruct,bigcodebench_instruct,r,functional_preservation,false,false,483
devstral-small-2-24b-instruct,bigcodebench_instruct,r,functional_preservation,true,true,51
devstral-small-2-24b-instruct,bigcodebench_instruct,r,regression,true,true,4
devstral-small-2-24b-instruct,bigcodebench_instruct,r,repair,true,true,8
devstral-small-2-24b-instruct,bigcodebench_instruct,r,unrepaired_failure,false,false,500
devstral-small-2-24b-instruct,bigcodebench_instruct,r,unrepaired_failure,true,true,90
devstral-small-2-24b-instruct,bigcodebench_instruct,sc_cpr,functional_preservation,false,false,484
devstral-small-2-24b-instruct,bigcodebench_instruct,sc_cpr,functional_preservation,true,true,45
devstral-small-2-24b-instruct,bigcodebench_instruct,sc_cpr,regression,true,true,9
devstral-small-2-24b-instruct,bigcodebench_instruct,sc_cpr,repair,true,true,12
devstral-small-2-24b-instruct,bigcodebench_instruct,sc_cpr,unrepaired_failure,false,false,491
devstral-small-2-24b-instruct,bigcodebench_instruct,sc_cpr,unrepaired_failure,true,true,95
devstral-small-2-24b-instruct,bigcodebench_instruct,sc_cr,functional_preservation,false,false,485
devstral-small-2-24b-instruct,bigcodebench_instruct,sc_cr,functional_preservation,true,true,46
devstral-small-2-24b-instruct,bigcodebench_instruct,sc_cr,regression,true,true,7
devstral-small-2-24b-instruct,bigcodebench_instruct,sc_cr,repair,true,true,13
devstral-small-2-24b-instruct,bigcodebench_instruct,sc_cr,unrepaired_failure,false,false,498
devstral-small-2-24b-instruct,bigcodebench_instruct,sc_cr,unrepaired_failure,true,true,87
devstral-small-2-24b-instruct,bigcodebench_instruct,sc_dcpr,functional_preservation,false,false,472
devstral-small-2-24b-instruct,bigcodebench_instruct,sc_dcpr,functional_preservation,true,true,51
devstral-small-2-24b-instruct,bigcodebench_instruct,sc_dcpr,regression,true,true,15
devstral-small-2-24b-instruct,bigcodebench_instruct,sc_dcpr,repair,true,true,15
devstral-small-2-24b-instruct,bigcodebench_instruct,sc_dcpr,unrepaired_failure,false,false,445
devstral-small-2-24b-instruct,bigcodebench_instruct,sc_dcpr,unrepaired_failure,true,true,137
devstral-small-2-24b-instruct,bigcodebench_instruct,sc_dcr,functional_preservation,false,false,493
devstral-small-2-24b-instruct,bigcodebench_instruct,sc_dcr,functional_preservation,true,true,37
devstral-small-2-24b-instruct,bigcodebench_instruct,sc_dcr,regression,true,true,8
devstral-small-2-24b-instruct,bigcodebench_instruct,sc_dcr,repair,true,true,12
devstral-small-2-24b-instruct,bigcodebench_instruct,sc_dcr,unrepaired_failure,false,false,475
devstral-small-2-24b-instruct,bigcodebench_instruct,sc_dcr,unrepaired_failure,true,true,111
devstral-small-2-24b-instruct,bigcodebench_instruct,sc_dr,functional_preservation,false,false,501
devstral-small-2-24b-instruct,bigcodebench_instruct,sc_dr,functional_preservation,true,true,32
devstral-small-2-24b-instruct,bigcodebench_instruct,sc_dr,regression,true,true,5
devstral-small-2-24b-instruct,bigcodebench_instruct,sc_dr,repair,true,true,9
devstral-small-2-24b-instruct,bigcodebench_instruct,sc_dr,unrepaired_failure,false,false,511
devstral-small-2-24b-instruct,bigcodebench_instruct,sc_dr,unrepaired_failure,true,true,78
devstral-small-2-24b-instruct,humaneval_plus,cpr,functional_preservation,false,false,90
devstral-small-2-24b-instruct,humaneval_plus,cpr,functional_preservation,true,true,37
devstral-small-2-24b-instruct,humaneval_plus,cpr,regression,true,true,11
devstral-small-2-24b-instruct,humaneval_plus,cpr,repair,true,true,7
devstral-small-2-24b-instruct,humaneval_plus,cpr,unrepaired_failure,false,false,4
devstral-small-2-24b-instruct,humaneval_plus,cpr,unrepaired_failure,true,true,12
devstral-small-2-24b-instruct,humaneval_plus,cr,functional_preservation,false,false,109
devstral-small-2-24b-instruct,humaneval_plus,cr,functional_preservation,true,true,20
devstral-small-2-24b-instruct,humaneval_plus,cr,regression,true,true,9
devstral-small-2-24b-instruct,humaneval_plus,cr,repair,true,true,7
devstral-small-2-24b-instruct,humaneval_plus,cr,unrepaired_failure,false,false,6
devstral-small-2-24b-instruct,humaneval_plus,cr,unrepaired_failure,true,true,9
devstral-small-2-24b-instruct,humaneval_plus,dcpr,functional_preservation,false,false,133
devstral-small-2-24b-instruct,humaneval_plus,dcpr,functional_preservation,true,true,4
devstral-small-2-24b-instruct,humaneval_plus,dcpr,regression,true,true,1
devstral-small-2-24b-instruct,humaneval_plus,dcpr,repair,true,true,2
devstral-small-2-24b-instruct,humaneval_plus,dcpr,unrepaired_failure,false,false,17
devstral-small-2-24b-instruct,humaneval_plus,dcpr,unrepaired_failure,true,true,4
devstral-small-2-24b-instruct,humaneval_plus,dcr,functional_preservation,false,false,133
devstral-small-2-24b-instruct,humaneval_plus,dcr,functional_preservation,true,true,5
devstral-small-2-24b-instruct,humaneval_plus,dcr,repair,true,true,2
devstral-small-2-24b-instruct,humaneval_plus,dcr,unrepaired_failure,false,false,17
devstral-small-2-24b-instruct,humaneval_plus,dcr,unrepaired_failure,true,true,3
devstral-small-2-24b-instruct,humaneval_plus,direct,functional_preservation,false,false,138
devstral-small-2-24b-instruct,humaneval_plus,direct,unrepaired_failure,false,false,23
devstral-small-2-24b-instruct,humaneval_plus,dr,functional_preservation,false,false,136
devstral-small-2-24b-instruct,humaneval_plus,dr,functional_preservation,true,true,2
devstral-small-2-24b-instruct,humaneval_plus,dr,unrepaired_failure,false,false,21
devstral-small-2-24b-instruct,humaneval_plus,dr,unrepaired_failure,true,true,1
devstral-small-2-24b-instruct,humaneval_plus,r,functional_preservation,false,false,132
devstral-small-2-24b-instruct,humaneval_plus,r,functional_preservation,true,true,6
devstral-small-2-24b-instruct,humaneval_plus,r,repair,true,true,3
devstral-small-2-24b-instruct,humaneval_plus,r,unrepaired_failure,false,false,18
devstral-small-2-24b-instruct,humaneval_plus,r,unrepaired_failure,true,true,1
devstral-small-2-24b-instruct,humaneval_plus,sc_cpr,functional_preservation,false,false,131
devstral-small-2-24b-instruct,humaneval_plus,sc_cpr,functional_preservation,true,true,7
devstral-small-2-24b-instruct,humaneval_plus,sc_cpr,repair,true,true,3
devstral-small-2-24b-instruct,humaneval_plus,sc_cpr,unrepaired_failure,false,false,17
devstral-small-2-24b-instruct,humaneval_plus,sc_cpr,unrepaired_failure,true,true,3
devstral-small-2-24b-instruct,humaneval_plus,sc_cr,functional_preservation,false,false,134
devstral-small-2-24b-instruct,humaneval_plus,sc_cr,functional_preservation,true,true,4
devstral-small-2-24b-instruct,humaneval_plus,sc_cr,repair,true,true,3
devstral-small-2-24b-instruct,humaneval_plus,sc_cr,unrepaired_failure,false,false,18
devstral-small-2-24b-instruct,humaneval_plus,sc_cr,unrepaired_failure,true,true,2
devstral-small-2-24b-instruct,humaneval_plus,sc_dcpr,functional_preservation,false,false,127
devstral-small-2-24b-instruct,humaneval_plus,sc_dcpr,functional_preservation,true,true,6
devstral-small-2-24b-instruct,humaneval_plus,sc_dcpr,regression,true,true,3
devstral-small-2-24b-instruct,humaneval_plus,sc_dcpr,repair,true,true,4
devstral-small-2-24b-instruct,humaneval_plus,sc_dcpr,unrepaired_failure,false,false,13
devstral-small-2-24b-instruct,humaneval_plus,sc_dcpr,unrepaired_failure,true,true,5
devstral-small-2-24b-instruct,humaneval_plus,sc_dcr,functional_preservation,false,false,134
devstral-small-2-24b-instruct,humaneval_plus,sc_dcr,functional_preservation,true,true,4
devstral-small-2-24b-instruct,humaneval_plus,sc_dcr,repair,true,true,3
devstral-small-2-24b-instruct,humaneval_plus,sc_dcr,unrepaired_failure,false,false,14
devstral-small-2-24b-instruct,humaneval_plus,sc_dcr,unrepaired_failure,true,true,6
devstral-small-2-24b-instruct,humaneval_plus,sc_dr,functional_preservation,false,false,132
devstral-small-2-24b-instruct,humaneval_plus,sc_dr,functional_preservation,true,true,5
devstral-small-2-24b-instruct,humaneval_plus,sc_dr,regression,true,true,1
devstral-small-2-24b-instruct,humaneval_plus,sc_dr,repair,true,true,2
devstral-small-2-24b-instruct,humaneval_plus,sc_dr,unrepaired_failure,false,false,16
devstral-small-2-24b-instruct,humaneval_plus,sc_dr,unrepaired_failure,true,true,5
devstral-small-2-24b-instruct,mbpp_plus,cpr,functional_preservation,false,false,221
devstral-small-2-24b-instruct,mbpp_plus,cpr,functional_preservation,true,true,21
devstral-small-2-24b-instruct,mbpp_plus,cpr,regression,true,true,22
devstral-small-2-24b-instruct,mbpp_plus,cpr,repair,true,true,11
devstral-small-2-24b-instruct,mbpp_plus,cpr,unrepaired_failure,false,false,46
devstral-small-2-24b-instruct,mbpp_plus,cpr,unrepaired_failure,true,true,53
devstral-small-2-24b-instruct,mbpp_plus,cr,functional_preservation,false,false,234
devstral-small-2-24b-instruct,mbpp_plus,cr,functional_preservation,true,true,16
devstral-small-2-24b-instruct,mbpp_plus,cr,regression,true,true,14
devstral-small-2-24b-instruct,mbpp_plus,cr,repair,true,true,12
devstral-small-2-24b-instruct,mbpp_plus,cr,unrepaired_failure,false,false,56
devstral-small-2-24b-instruct,mbpp_plus,cr,unrepaired_failure,true,true,42
devstral-small-2-24b-instruct,mbpp_plus,dcpr,functional_preservation,false,false,262
devstral-small-2-24b-instruct,mbpp_plus,dcpr,regression,true,true,2
devstral-small-2-24b-instruct,mbpp_plus,dcpr,repair,true,true,4
devstral-small-2-24b-instruct,mbpp_plus,dcpr,unrepaired_failure,false,false,93
devstral-small-2-24b-instruct,mbpp_plus,dcpr,unrepaired_failure,true,true,13
devstral-small-2-24b-instruct,mbpp_plus,dcr,functional_preservation,false,false,263
devstral-small-2-24b-instruct,mbpp_plus,dcr,regression,true,true,1
devstral-small-2-24b-instruct,mbpp_plus,dcr,repair,true,true,4
devstral-small-2-24b-instruct,mbpp_plus,dcr,unrepaired_failure,false,false,95
devstral-small-2-24b-instruct,mbpp_plus,dcr,unrepaired_failure,true,true,11
devstral-small-2-24b-instruct,mbpp_plus,direct,functional_preservation,false,false,264
devstral-small-2-24b-instruct,mbpp_plus,direct,unrepaired_failure,false,false,111
devstral-small-2-24b-instruct,mbpp_plus,dr,functional_preservation,false,false,264
devstral-small-2-24b-instruct,mbpp_plus,dr,unrepaired_failure,false,false,107
devstral-small-2-24b-instruct,mbpp_plus,dr,unrepaired_failure,true,true,4
devstral-small-2-24b-instruct,mbpp_plus,r,functional_preservation,false,false,262
devstral-small-2-24b-instruct,mbpp_plus,r,functional_preservation,true,true,2
devstral-small-2-24b-instruct,mbpp_plus,r,repair,true,true,1
devstral-small-2-24b-instruct,mbpp_plus,r,unrepaired_failure,false,false,101
devstral-small-2-24b-instruct,mbpp_plus,r,unrepaired_failure,true,true,9
devstral-small-2-24b-instruct,mbpp_plus,sc_cpr,functional_preservation,false,false,259
devstral-small-2-24b-instruct,mbpp_plus,sc_cpr,functional_preservation,true,true,2
devstral-small-2-24b-instruct,mbpp_plus,sc_cpr,regression,true,true,3
devstral-small-2-24b-instruct,mbpp_plus,sc_cpr,repair,true,true,3
devstral-small-2-24b-instruct,mbpp_plus,sc_cpr,unrepaired_failure,false,false,93
devstral-small-2-24b-instruct,mbpp_plus,sc_cpr,unrepaired_failure,true,true,15
devstral-small-2-24b-instruct,mbpp_plus,sc_cr,functional_preservation,false,false,262
devstral-small-2-24b-instruct,mbpp_plus,sc_cr,regression,true,true,2
devstral-small-2-24b-instruct,mbpp_plus,sc_cr,repair,true,true,3
devstral-small-2-24b-instruct,mbpp_plus,sc_cr,unrepaired_failure,false,false,97
devstral-small-2-24b-instruct,mbpp_plus,sc_cr,unrepaired_failure,true,true,11
devstral-small-2-24b-instruct,mbpp_plus,sc_dcpr,functional_preservation,false,false,253
devstral-small-2-24b-instruct,mbpp_plus,sc_dcpr,functional_preservation,true,true,2
devstral-small-2-24b-instruct,mbpp_plus,sc_dcpr,regression,true,true,8
devstral-small-2-24b-instruct,mbpp_plus,sc_dcpr,repair,true,true,9
devstral-small-2-24b-instruct,mbpp_plus,sc_dcpr,unrepaired_failure,false,false,79
devstral-small-2-24b-instruct,mbpp_plus,sc_dcpr,unrepaired_failure,true,true,22
devstral-small-2-24b-instruct,mbpp_plus,sc_dcr,functional_preservation,false,false,257
devstral-small-2-24b-instruct,mbpp_plus,sc_dcr,functional_preservation,true,true,1
devstral-small-2-24b-instruct,mbpp_plus,sc_dcr,regression,true,true,6
devstral-small-2-24b-instruct,mbpp_plus,sc_dcr,repair,true,true,5
devstral-small-2-24b-instruct,mbpp_plus,sc_dcr,unrepaired_failure,false,false,92
devstral-small-2-24b-instruct,mbpp_plus,sc_dcr,unrepaired_failure,true,true,14
devstral-small-2-24b-instruct,mbpp_plus,sc_dr,functional_preservation,false,false,260
devstral-small-2-24b-instruct,mbpp_plus,sc_dr,functional_preservation,true,true,1
devstral-small-2-24b-instruct,mbpp_plus,sc_dr,regression,true,true,3
devstral-small-2-24b-instruct,mbpp_plus,sc_dr,repair,true,true,5
devstral-small-2-24b-instruct,mbpp_plus,sc_dr,unrepaired_failure,false,false,91
devstral-small-2-24b-instruct,mbpp_plus,sc_dr,unrepaired_failure,true,true,15
gemma-4-31b-it-qat-w4a16,bigcodebench_instruct,cpr,functional_preservation,false,false,456
gemma-4-31b-it-qat-w4a16,bigcodebench_instruct,cpr,functional_preservation,true,true,87
gemma-4-31b-it-qat-w4a16,bigcodebench_instruct,cpr,regression,false,false,1
gemma-4-31b-it-qat-w4a16,bigcodebench_instruct,cpr,regression,true,true,25
gemma-4-31b-it-qat-w4a16,bigcodebench_instruct,cpr,repair,false,false,1
gemma-4-31b-it-qat-w4a16,bigcodebench_instruct,cpr,repair,true,true,13
gemma-4-31b-it-qat-w4a16,bigcodebench_instruct,cpr,unrepaired_failure,false,false,381
gemma-4-31b-it-qat-w4a16,bigcodebench_instruct,cpr,unrepaired_failure,true,true,172
gemma-4-31b-it-qat-w4a16,bigcodebench_instruct,cr,functional_preservation,false,false,432
gemma-4-31b-it-qat-w4a16,bigcodebench_instruct,cr,functional_preservation,true,true,114
gemma-4-31b-it-qat-w4a16,bigcodebench_instruct,cr,regression,false,false,1
gemma-4-31b-it-qat-w4a16,bigcodebench_instruct,cr,regression,true,true,22
gemma-4-31b-it-qat-w4a16,bigcodebench_instruct,cr,repair,true,true,14
gemma-4-31b-it-qat-w4a16,bigcodebench_instruct,cr,unrepaired_failure,false,false,349
gemma-4-31b-it-qat-w4a16,bigcodebench_instruct,cr,unrepaired_failure,true,true,204
gemma-4-31b-it-qat-w4a16,bigcodebench_instruct,dcpr,functional_preservation,false,false,521
gemma-4-31b-it-qat-w4a16,bigcodebench_instruct,dcpr,functional_preservation,true,true,33
gemma-4-31b-it-qat-w4a16,bigcodebench_instruct,dcpr,regression,true,true,15
gemma-4-31b-it-qat-w4a16,bigcodebench_instruct,dcpr,repair,true,true,6
gemma-4-31b-it-qat-w4a16,bigcodebench_instruct,dcpr,unrepaired_failure,false,false,463
gemma-4-31b-it-qat-w4a16,bigcodebench_instruct,dcpr,unrepaired_failure,true,true,98
gemma-4-31b-it-qat-w4a16,bigcodebench_instruct,dcr,functional_preservation,false,false,520
gemma-4-31b-it-qat-w4a16,bigcodebench_instruct,dcr,functional_preservation,true,true,35
gemma-4-31b-it-qat-w4a16,bigcodebench_instruct,dcr,regression,true,true,14
gemma-4-31b-it-qat-w4a16,bigcodebench_instruct,dcr,repair,true,true,8
gemma-4-31b-it-qat-w4a16,bigcodebench_instruct,dcr,unrepaired_failure,false,false,462
gemma-4-31b-it-qat-w4a16,bigcodebench_instruct,dcr,unrepaired_failure,true,true,97
gemma-4-31b-it-qat-w4a16,bigcodebench_instruct,direct,functional_preservation,false,false,569
gemma-4-31b-it-qat-w4a16,bigcodebench_instruct,direct,unrepaired_failure,false,false,567
gemma-4-31b-it-qat-w4a16,bigcodebench_instruct,dr,functional_preservation,false,false,523
gemma-4-31b-it-qat-w4a16,bigcodebench_instruct,dr,functional_preservation,true,true,44
gemma-4-31b-it-qat-w4a16,bigcodebench_instruct,dr,regression,true,true,2
gemma-4-31b-it-qat-w4a16,bigcodebench_instruct,dr,repair,true,true,2
gemma-4-31b-it-qat-w4a16,bigcodebench_instruct,dr,unrepaired_failure,false,false,468
gemma-4-31b-it-qat-w4a16,bigcodebench_instruct,dr,unrepaired_failure,true,true,97
gemma-4-31b-it-qat-w4a16,bigcodebench_instruct,r,functional_preservation,false,false,299
gemma-4-31b-it-qat-w4a16,bigcodebench_instruct,r,functional_preservation,true,true,266
gemma-4-31b-it-qat-w4a16,bigcodebench_instruct,r,regression,false,false,1
gemma-4-31b-it-qat-w4a16,bigcodebench_instruct,r,regression,true,true,3
gemma-4-31b-it-qat-w4a16,bigcodebench_instruct,r,repair,true,true,9
gemma-4-31b-it-qat-w4a16,bigcodebench_instruct,r,unrepaired_failure,false,false,244
gemma-4-31b-it-qat-w4a16,bigcodebench_instruct,r,unrepaired_failure,true,true,314
gemma-4-31b-it-qat-w4a16,bigcodebench_instruct,sc_cpr,functional_preservation,false,false,337
gemma-4-31b-it-qat-w4a16,bigcodebench_instruct,sc_cpr,functional_preservation,true,true,224
gemma-4-31b-it-qat-w4a16,bigcodebench_instruct,sc_cpr,regression,true,true,8
gemma-4-31b-it-qat-w4a16,bigcodebench_instruct,sc_cpr,repair,true,true,11
gemma-4-31b-it-qat-w4a16,bigcodebench_instruct,sc_cpr,unrepaired_failure,false,false,269
gemma-4-31b-it-qat-w4a16,bigcodebench_instruct,sc_cpr,unrepaired_failure,true,true,286
gemma-4-31b-it-qat-w4a16,bigcodebench_instruct,sc_cr,functional_preservation,false,false,320
gemma-4-31b-it-qat-w4a16,bigcodebench_instruct,sc_cr,functional_preservation,true,true,239
gemma-4-31b-it-qat-w4a16,bigcodebench_instruct,sc_cr,regression,false,false,1
gemma-4-31b-it-qat-w4a16,bigcodebench_instruct,sc_cr,regression,true,true,9
gemma-4-31b-it-qat-w4a16,bigcodebench_instruct,sc_cr,repair,true,true,11
gemma-4-31b-it-qat-w4a16,bigcodebench_instruct,sc_cr,unrepaired_failure,false,false,250
gemma-4-31b-it-qat-w4a16,bigcodebench_instruct,sc_cr,unrepaired_failure,true,true,305
gemma-4-31b-it-qat-w4a16,bigcodebench_instruct,sc_dcpr,functional_preservation,false,false,524
gemma-4-31b-it-qat-w4a16,bigcodebench_instruct,sc_dcpr,functional_preservation,false,true,1
gemma-4-31b-it-qat-w4a16,bigcodebench_instruct,sc_dcpr,functional_preservation,true,true,40
gemma-4-31b-it-qat-w4a16,bigcodebench_instruct,sc_dcpr,regression,true,true,4
gemma-4-31b-it-qat-w4a16,bigcodebench_instruct,sc_dcpr,repair,true,true,9
gemma-4-31b-it-qat-w4a16,bigcodebench_instruct,sc_dcpr,unrepaired_failure,false,false,462
gemma-4-31b-it-qat-w4a16,bigcodebench_instruct,sc_dcpr,unrepaired_failure,true,true,95
gemma-4-31b-it-qat-w4a16,bigcodebench_instruct,sc_dcr,functional_preservation,false,false,527
gemma-4-31b-it-qat-w4a16,bigcodebench_instruct,sc_dcr,functional_preservation,false,true,1
gemma-4-31b-it-qat-w4a16,bigcodebench_instruct,sc_dcr,functional_preservation,true,true,35
gemma-4-31b-it-qat-w4a16,bigcodebench_instruct,sc_dcr,regression,false,false,1
gemma-4-31b-it-qat-w4a16,bigcodebench_instruct,sc_dcr,regression,true,true,5
gemma-4-31b-it-qat-w4a16,bigcodebench_instruct,sc_dcr,repair,true,true,7
gemma-4-31b-it-qat-w4a16,bigcodebench_instruct,sc_dcr,unrepaired_failure,false,false,467
gemma-4-31b-it-qat-w4a16,bigcodebench_instruct,sc_dcr,unrepaired_failure,true,true,93
gemma-4-31b-it-qat-w4a16,bigcodebench_instruct,sc_dr,functional_preservation,false,false,532
gemma-4-31b-it-qat-w4a16,bigcodebench_instruct,sc_dr,functional_preservation,false,true,1
gemma-4-31b-it-qat-w4a16,bigcodebench_instruct,sc_dr,functional_preservation,true,true,33
gemma-4-31b-it-qat-w4a16,bigcodebench_instruct,sc_dr,regression,true,true,3
gemma-4-31b-it-qat-w4a16,bigcodebench_instruct,sc_dr,repair,true,true,6
gemma-4-31b-it-qat-w4a16,bigcodebench_instruct,sc_dr,unrepaired_failure,false,false,482
gemma-4-31b-it-qat-w4a16,bigcodebench_instruct,sc_dr,unrepaired_failure,true,true,79
gemma-4-31b-it-qat-w4a16,humaneval_plus,cpr,functional_preservation,false,false,143
gemma-4-31b-it-qat-w4a16,humaneval_plus,cpr,functional_preservation,false,true,1
gemma-4-31b-it-qat-w4a16,humaneval_plus,cpr,functional_preservation,true,true,7
gemma-4-31b-it-qat-w4a16,humaneval_plus,cpr,regression,true,true,5
gemma-4-31b-it-qat-w4a16,humaneval_plus,cpr,unrepaired_failure,false,false,4
gemma-4-31b-it-qat-w4a16,humaneval_plus,cpr,unrepaired_failure,false,true,1
gemma-4-31b-it-qat-w4a16,humaneval_plus,cr,functional_preservation,false,false,130
gemma-4-31b-it-qat-w4a16,humaneval_plus,cr,functional_preservation,true,true,21
gemma-4-31b-it-qat-w4a16,humaneval_plus,cr,regression,true,true,5
gemma-4-31b-it-qat-w4a16,humaneval_plus,cr,unrepaired_failure,false,false,4
gemma-4-31b-it-qat-w4a16,humaneval_plus,cr,unrepaired_failure,true,true,1
gemma-4-31b-it-qat-w4a16,humaneval_plus,dcpr,functional_preservation,false,false,150
gemma-4-31b-it-qat-w4a16,humaneval_plus,dcpr,functional_preservation,true,true,4
gemma-4-31b-it-qat-w4a16,humaneval_plus,dcpr,regression,true,true,2
gemma-4-31b-it-qat-w4a16,humaneval_plus,dcpr,unrepaired_failure,false,false,5
gemma-4-31b-it-qat-w4a16,humaneval_plus,dcr,functional_preservation,false,false,149
gemma-4-31b-it-qat-w4a16,humaneval_plus,dcr,functional_preservation,true,true,5
gemma-4-31b-it-qat-w4a16,humaneval_plus,dcr,regression,true,true,2
gemma-4-31b-it-qat-w4a16,humaneval_plus,dcr,unrepaired_failure,false,false,5
gemma-4-31b-it-qat-w4a16,humaneval_plus,direct,functional_preservation,false,false,156
gemma-4-31b-it-qat-w4a16,humaneval_plus,direct,unrepaired_failure,false,false,5
gemma-4-31b-it-qat-w4a16,humaneval_plus,dr,functional_preservation,false,false,149
gemma-4-31b-it-qat-w4a16,humaneval_plus,dr,functional_preservation,true,true,7
gemma-4-31b-it-qat-w4a16,humaneval_plus,dr,unrepaired_failure,false,false,4
gemma-4-31b-it-qat-w4a16,humaneval_plus,dr,unrepaired_failure,true,true,1
gemma-4-31b-it-qat-w4a16,humaneval_plus,r,functional_preservation,false,false,114
gemma-4-31b-it-qat-w4a16,humaneval_plus,r,functional_preservation,true,true,41
gemma-4-31b-it-qat-w4a16,humaneval_plus,r,regression,true,true,1
gemma-4-31b-it-qat-w4a16,humaneval_plus,r,unrepaired_failure,true,true,5
gemma-4-31b-it-qat-w4a16,humaneval_plus,sc_cpr,functional_preservation,false,false,119
gemma-4-31b-it-qat-w4a16,humaneval_plus,sc_cpr,functional_preservation,true,true,36
gemma-4-31b-it-qat-w4a16,humaneval_plus,sc_cpr,regression,true,true,1
gemma-4-31b-it-qat-w4a16,humaneval_plus,sc_cpr,unrepaired_failure,false,false,1
gemma-4-31b-it-qat-w4a16,humaneval_plus,sc_cpr,unrepaired_failure,true,true,4
gemma-4-31b-it-qat-w4a16,humaneval_plus,sc_cr,functional_preservation,false,false,117
gemma-4-31b-it-qat-w4a16,humaneval_plus,sc_cr,functional_preservation,true,true,38
gemma-4-31b-it-qat-w4a16,humaneval_plus,sc_cr,regression,true,true,1
gemma-4-31b-it-qat-w4a16,humaneval_plus,sc_cr,unrepaired_failure,false,false,1
gemma-4-31b-it-qat-w4a16,humaneval_plus,sc_cr,unrepaired_failure,true,true,4
gemma-4-31b-it-qat-w4a16,humaneval_plus,sc_dcpr,functional_preservation,false,false,144
gemma-4-31b-it-qat-w4a16,humaneval_plus,sc_dcpr,functional_preservation,false,true,1
gemma-4-31b-it-qat-w4a16,humaneval_plus,sc_dcpr,functional_preservation,true,true,10
gemma-4-31b-it-qat-w4a16,humaneval_plus,sc_dcpr,unrepaired_failure,false,false,2
gemma-4-31b-it-qat-w4a16,humaneval_plus,sc_dcpr,unrepaired_failure,false,true,1
gemma-4-31b-it-qat-w4a16,humaneval_plus,sc_dcpr,unrepaired_failure,true,true,2
gemma-4-31b-it-qat-w4a16,humaneval_plus,sc_dcr,functional_preservation,false,false,144
gemma-4-31b-it-qat-w4a16,humaneval_plus,sc_dcr,functional_preservation,false,true,1
gemma-4-31b-it-qat-w4a16,humaneval_plus,sc_dcr,functional_preservation,true,true,10
gemma-4-31b-it-qat-w4a16,humaneval_plus,sc_dcr,unrepaired_failure,false,false,2
gemma-4-31b-it-qat-w4a16,humaneval_plus,sc_dcr,unrepaired_failure,false,true,1
gemma-4-31b-it-qat-w4a16,humaneval_plus,sc_dcr,unrepaired_failure,true,true,2
gemma-4-31b-it-qat-w4a16,humaneval_plus,sc_dr,functional_preservation,false,false,144
gemma-4-31b-it-qat-w4a16,humaneval_plus,sc_dr,functional_preservation,false,true,1
gemma-4-31b-it-qat-w4a16,humaneval_plus,sc_dr,functional_preservation,true,true,10
gemma-4-31b-it-qat-w4a16,humaneval_plus,sc_dr,unrepaired_failure,false,false,3
gemma-4-31b-it-qat-w4a16,humaneval_plus,sc_dr,unrepaired_failure,false,true,1
gemma-4-31b-it-qat-w4a16,humaneval_plus,sc_dr,unrepaired_failure,true,true,1
gemma-4-31b-it-qat-w4a16,mbpp_plus,cpr,functional_preservation,false,false,285
gemma-4-31b-it-qat-w4a16,mbpp_plus,cpr,functional_preservation,true,true,11
gemma-4-31b-it-qat-w4a16,mbpp_plus,cpr,regression,true,true,6
gemma-4-31b-it-qat-w4a16,mbpp_plus,cpr,repair,true,true,8
gemma-4-31b-it-qat-w4a16,mbpp_plus,cpr,unrepaired_failure,false,false,47
gemma-4-31b-it-qat-w4a16,mbpp_plus,cpr,unrepaired_failure,true,true,17
gemma-4-31b-it-qat-w4a16,mbpp_plus,cr,functional_preservation,false,false,280
gemma-4-31b-it-qat-w4a16,mbpp_plus,cr,functional_preservation,true,true,17
gemma-4-31b-it-qat-w4a16,mbpp_plus,cr,regression,true,true,5
gemma-4-31b-it-qat-w4a16,mbpp_plus,cr,repair,true,true,8
gemma-4-31b-it-qat-w4a16,mbpp_plus,cr,unrepaired_failure,false,false,47
gemma-4-31b-it-qat-w4a16,mbpp_plus,cr,unrepaired_failure,true,true,16
gemma-4-31b-it-qat-w4a16,mbpp_plus,dcpr,functional_preservation,false,false,299
gemma-4-31b-it-qat-w4a16,mbpp_plus,dcpr,functional_preservation,true,true,3
gemma-4-31b-it-qat-w4a16,mbpp_plus,dcpr,regression,true,true,1
gemma-4-31b-it-qat-w4a16,mbpp_plus,dcpr,repair,true,true,5
gemma-4-31b-it-qat-w4a16,mbpp_plus,dcpr,unrepaired_failure,false,false,57
gemma-4-31b-it-qat-w4a16,mbpp_plus,dcpr,unrepaired_failure,true,true,10
gemma-4-31b-it-qat-w4a16,mbpp_plus,dcr,functional_preservation,false,false,299
gemma-4-31b-it-qat-w4a16,mbpp_plus,dcr,functional_preservation,true,true,3
gemma-4-31b-it-qat-w4a16,mbpp_plus,dcr,regression,true,true,1
gemma-4-31b-it-qat-w4a16,mbpp_plus,dcr,repair,true,true,5
gemma-4-31b-it-qat-w4a16,mbpp_plus,dcr,unrepaired_failure,false,false,58
gemma-4-31b-it-qat-w4a16,mbpp_plus,dcr,unrepaired_failure,true,true,8
gemma-4-31b-it-qat-w4a16,mbpp_plus,direct,functional_preservation,false,false,303
gemma-4-31b-it-qat-w4a16,mbpp_plus,direct,unrepaired_failure,false,false,72
gemma-4-31b-it-qat-w4a16,mbpp_plus,dr,functional_preservation,false,false,299
gemma-4-31b-it-qat-w4a16,mbpp_plus,dr,functional_preservation,true,true,4
gemma-4-31b-it-qat-w4a16,mbpp_plus,dr,repair,true,true,4
gemma-4-31b-it-qat-w4a16,mbpp_plus,dr,unrepaired_failure,false,false,58
gemma-4-31b-it-qat-w4a16,mbpp_plus,dr,unrepaired_failure,true,true,10
gemma-4-31b-it-qat-w4a16,mbpp_plus,r,functional_preservation,false,false,268
gemma-4-31b-it-qat-w4a16,mbpp_plus,r,functional_preservation,true,true,35
gemma-4-31b-it-qat-w4a16,mbpp_plus,r,repair,true,true,4
gemma-4-31b-it-qat-w4a16,mbpp_plus,r,unrepaired_failure,false,false,45
gemma-4-31b-it-qat-w4a16,mbpp_plus,r,unrepaired_failure,true,true,23
gemma-4-31b-it-qat-w4a16,mbpp_plus,sc_cpr,functional_preservation,false,false,273
gemma-4-31b-it-qat-w4a16,mbpp_plus,sc_cpr,functional_preservation,true,true,29
gemma-4-31b-it-qat-w4a16,mbpp_plus,sc_cpr,regression,true,true,1
gemma-4-31b-it-qat-w4a16,mbpp_plus,sc_cpr,repair,true,true,5
gemma-4-31b-it-qat-w4a16,mbpp_plus,sc_cpr,unrepaired_failure,false,false,43
gemma-4-31b-it-qat-w4a16,mbpp_plus,sc_cpr,unrepaired_failure,true,true,24
gemma-4-31b-it-qat-w4a16,mbpp_plus,sc_cr,functional_preservation,false,false,269
gemma-4-31b-it-qat-w4a16,mbpp_plus,sc_cr,functional_preservation,true,true,33
gemma-4-31b-it-qat-w4a16,mbpp_plus,sc_cr,repair,true,true,5
gemma-4-31b-it-qat-w4a16,mbpp_plus,sc_cr,unrepaired_failure,false,false,42
gemma-4-31b-it-qat-w4a16,mbpp_plus,sc_cr,unrepaired_failure,true,true,25
gemma-4-31b-it-qat-w4a16,mbpp_plus,sc_dcpr,functional_preservation,false,false,292
gemma-4-31b-it-qat-w4a16,mbpp_plus,sc_dcpr,functional_preservation,true,true,10
gemma-4-31b-it-qat-w4a16,mbpp_plus,sc_dcpr,repair,true,true,5
gemma-4-31b-it-qat-w4a16,mbpp_plus,sc_dcpr,unrepaired_failure,false,false,57
gemma-4-31b-it-qat-w4a16,mbpp_plus,sc_dcpr,unrepaired_failure,true,true,10
gemma-4-31b-it-qat-w4a16,mbpp_plus,sc_dcr,functional_preservation,false,false,290
gemma-4-31b-it-qat-w4a16,mbpp_plus,sc_dcr,functional_preservation,true,true,13
gemma-4-31b-it-qat-w4a16,mbpp_plus,sc_dcr,repair,true,true,4
gemma-4-31b-it-qat-w4a16,mbpp_plus,sc_dcr,unrepaired_failure,false,false,56
gemma-4-31b-it-qat-w4a16,mbpp_plus,sc_dcr,unrepaired_failure,true,true,12
gemma-4-31b-it-qat-w4a16,mbpp_plus,sc_dr,functional_preservation,false,false,295
gemma-4-31b-it-qat-w4a16,mbpp_plus,sc_dr,functional_preservation,true,true,8
gemma-4-31b-it-qat-w4a16,mbpp_plus,sc_dr,repair,true,true,6
gemma-4-31b-it-qat-w4a16,mbpp_plus,sc_dr,unrepaired_failure,false,false,58
gemma-4-31b-it-qat-w4a16,mbpp_plus,sc_dr,unrepaired_failure,true,true,8
qwen2.5-coder-14b-instruct,bigcodebench_instruct,cpr,functional_preservation,false,false,505
qwen2.5-coder-14b-instruct,bigcodebench_instruct,cpr,functional_preservation,true,true,37
qwen2.5-coder-14b-instruct,bigcodebench_instruct,cpr,regression,true,true,16
qwen2.5-coder-14b-instruct,bigcodebench_instruct,cpr,repair,true,true,11
qwen2.5-coder-14b-instruct,bigcodebench_instruct,cpr,unrepaired_failure,false,false,423
qwen2.5-coder-14b-instruct,bigcodebench_instruct,cpr,unrepaired_failure,true,true,143
qwen2.5-coder-14b-instruct,bigcodebench_instruct,cr,functional_preservation,false,false,500
qwen2.5-coder-14b-instruct,bigcodebench_instruct,cr,functional_preservation,true,true,40
qwen2.5-coder-14b-instruct,bigcodebench_instruct,cr,regression,true,true,18
qwen2.5-coder-14b-instruct,bigcodebench_instruct,cr,repair,true,true,13
qwen2.5-coder-14b-instruct,bigcodebench_instruct,cr,unrepaired_failure,false,false,424
qwen2.5-coder-14b-instruct,bigcodebench_instruct,cr,unrepaired_failure,true,true,141
qwen2.5-coder-14b-instruct,bigcodebench_instruct,dcpr,functional_preservation,false,false,550
qwen2.5-coder-14b-instruct,bigcodebench_instruct,dcpr,functional_preservation,true,true,5
qwen2.5-coder-14b-instruct,bigcodebench_instruct,dcpr,regression,true,true,3
qwen2.5-coder-14b-instruct,bigcodebench_instruct,dcpr,repair,true,true,7
qwen2.5-coder-14b-instruct,bigcodebench_instruct,dcpr,unrepaired_failure,false,false,529
qwen2.5-coder-14b-instruct,bigcodebench_instruct,dcpr,unrepaired_failure,true,true,42
qwen2.5-coder-14b-instruct,bigcodebench_instruct,dcr,functional_preservation,false,false,549
qwen2.5-coder-14b-instruct,bigcodebench_instruct,dcr,functional_preservation,true,true,6
qwen2.5-coder-14b-instruct,bigcodebench_instruct,dcr,regression,true,true,3
qwen2.5-coder-14b-instruct,bigcodebench_instruct,dcr,repair,true,true,7
qwen2.5-coder-14b-instruct,bigcodebench_instruct,dcr,unrepaired_failure,false,false,530
qwen2.5-coder-14b-instruct,bigcodebench_instruct,dcr,unrepaired_failure,true,true,41
qwen2.5-coder-14b-instruct,bigcodebench_instruct,direct,functional_preservation,false,false,558
qwen2.5-coder-14b-instruct,bigcodebench_instruct,direct,unrepaired_failure,false,false,578
qwen2.5-coder-14b-instruct,bigcodebench_instruct,dr,functional_preservation,false,false,557
qwen2.5-coder-14b-instruct,bigcodebench_instruct,dr,regression,true,true,1
qwen2.5-coder-14b-instruct,bigcodebench_instruct,dr,repair,true,true,2
qwen2.5-coder-14b-instruct,bigcodebench_instruct,dr,unrepaired_failure,false,false,560
qwen2.5-coder-14b-instruct,bigcodebench_instruct,dr,unrepaired_failure,true,true,16
qwen2.5-coder-14b-instruct,bigcodebench_instruct,r,functional_preservation,false,false,508
qwen2.5-coder-14b-instruct,bigcodebench_instruct,r,functional_preservation,true,true,47
qwen2.5-coder-14b-instruct,bigcodebench_instruct,r,regression,true,true,3
qwen2.5-coder-14b-instruct,bigcodebench_instruct,r,repair,true,true,4
qwen2.5-coder-14b-instruct,bigcodebench_instruct,r,unrepaired_failure,false,false,515
qwen2.5-coder-14b-instruct,bigcodebench_instruct,r,unrepaired_failure,true,true,59
qwen2.5-coder-14b-instruct,bigcodebench_instruct,sc_cpr,functional_preservation,false,false,512
qwen2.5-coder-14b-instruct,bigcodebench_instruct,sc_cpr,functional_preservation,true,true,42
qwen2.5-coder-14b-instruct,bigcodebench_instruct,sc_cpr,regression,true,true,4
qwen2.5-coder-14b-instruct,bigcodebench_instruct,sc_cpr,repair,true,true,7
qwen2.5-coder-14b-instruct,bigcodebench_instruct,sc_cpr,unrepaired_failure,false,false,494
qwen2.5-coder-14b-instruct,bigcodebench_instruct,sc_cpr,unrepaired_failure,true,true,77
qwen2.5-coder-14b-instruct,bigcodebench_instruct,sc_cr,functional_preservation,false,false,508
qwen2.5-coder-14b-instruct,bigcodebench_instruct,sc_cr,functional_preservation,true,true,46
qwen2.5-coder-14b-instruct,bigcodebench_instruct,sc_cr,regression,true,true,4
qwen2.5-coder-14b-instruct,bigcodebench_instruct,sc_cr,repair,true,true,7
qwen2.5-coder-14b-instruct,bigcodebench_instruct,sc_cr,unrepaired_failure,false,false,492
qwen2.5-coder-14b-instruct,bigcodebench_instruct,sc_cr,unrepaired_failure,true,true,79
qwen2.5-coder-14b-instruct,bigcodebench_instruct,sc_dcpr,functional_preservation,false,false,544
qwen2.5-coder-14b-instruct,bigcodebench_instruct,sc_dcpr,functional_preservation,true,true,13
qwen2.5-coder-14b-instruct,bigcodebench_instruct,sc_dcpr,regression,true,true,1
qwen2.5-coder-14b-instruct,bigcodebench_instruct,sc_dcpr,repair,true,true,3
qwen2.5-coder-14b-instruct,bigcodebench_instruct,sc_dcpr,unrepaired_failure,false,false,555
qwen2.5-coder-14b-instruct,bigcodebench_instruct,sc_dcpr,unrepaired_failure,true,true,20
qwen2.5-coder-14b-instruct,bigcodebench_instruct,sc_dcr,functional_preservation,false,false,549
qwen2.5-coder-14b-instruct,bigcodebench_instruct,sc_dcr,functional_preservation,true,true,8
qwen2.5-coder-14b-instruct,bigcodebench_instruct,sc_dcr,regression,true,true,1
qwen2.5-coder-14b-instruct,bigcodebench_instruct,sc_dcr,repair,true,true,4
qwen2.5-coder-14b-instruct,bigcodebench_instruct,sc_dcr,unrepaired_failure,false,false,555
qwen2.5-coder-14b-instruct,bigcodebench_instruct,sc_dcr,unrepaired_failure,true,true,19
qwen2.5-coder-14b-instruct,bigcodebench_instruct,sc_dr,functional_preservation,false,false,542
qwen2.5-coder-14b-instruct,bigcodebench_instruct,sc_dr,functional_preservation,true,true,15
qwen2.5-coder-14b-instruct,bigcodebench_instruct,sc_dr,regression,true,true,1
qwen2.5-coder-14b-instruct,bigcodebench_instruct,sc_dr,repair,true,true,3
qwen2.5-coder-14b-instruct,bigcodebench_instruct,sc_dr,unrepaired_failure,false,false,552
qwen2.5-coder-14b-instruct,bigcodebench_instruct,sc_dr,unrepaired_failure,true,true,23
qwen2.5-coder-14b-instruct,humaneval_plus,cpr,functional_preservation,false,false,130
qwen2.5-coder-14b-instruct,humaneval_plus,cpr,functional_preservation,true,true,8
qwen2.5-coder-14b-instruct,humaneval_plus,cpr,regression,true,true,4
qwen2.5-coder-14b-instruct,humaneval_plus,cpr,repair,true,true,3
qwen2.5-coder-14b-instruct,humaneval_plus,cpr,unrepaired_failure,false,false,11
qwen2.5-coder-14b-instruct,humaneval_plus,cpr,unrepaired_failure,true,true,5
qwen2.5-coder-14b-instruct,humaneval_plus,cr,functional_preservation,false,false,127
qwen2.5-coder-14b-instruct,humaneval_plus,cr,functional_preservation,true,true,10
qwen2.5-coder-14b-instruct,humaneval_plus,cr,regression,true,true,5
qwen2.5-coder-14b-instruct,humaneval_plus,cr,repair,true,true,2
qwen2.5-coder-14b-instruct,humaneval_plus,cr,unrepaired_failure,false,false,11
qwen2.5-coder-14b-instruct,humaneval_plus,cr,unrepaired_failure,true,true,6
qwen2.5-coder-14b-instruct,humaneval_plus,dcpr,functional_preservation,false,false,140
qwen2.5-coder-14b-instruct,humaneval_plus,dcpr,functional_preservation,true,true,2
qwen2.5-coder-14b-instruct,humaneval_plus,dcpr,repair,true,true,3
qwen2.5-coder-14b-instruct,humaneval_plus,dcpr,unrepaired_failure,false,false,13
qwen2.5-coder-14b-instruct,humaneval_plus,dcpr,unrepaired_failure,true,true,3
qwen2.5-coder-14b-instruct,humaneval_plus,dcr,functional_preservation,false,false,141
qwen2.5-coder-14b-instruct,humaneval_plus,dcr,functional_preservation,true,true,1
qwen2.5-coder-14b-instruct,humaneval_plus,dcr,repair,true,true,2
qwen2.5-coder-14b-instruct,humaneval_plus,dcr,unrepaired_failure,false,false,13
qwen2.5-coder-14b-instruct,humaneval_plus,dcr,unrepaired_failure,true,true,4
qwen2.5-coder-14b-instruct,humaneval_plus,direct,functional_preservation,false,false,142
qwen2.5-coder-14b-instruct,humaneval_plus,direct,unrepaired_failure,false,false,19
qwen2.5-coder-14b-instruct,humaneval_plus,dr,functional_preservation,false,false,142
qwen2.5-coder-14b-instruct,humaneval_plus,dr,repair,true,true,1
qwen2.5-coder-14b-instruct,humaneval_plus,dr,unrepaired_failure,false,false,17
qwen2.5-coder-14b-instruct,humaneval_plus,dr,unrepaired_failure,true,true,1
qwen2.5-coder-14b-instruct,humaneval_plus,r,functional_preservation,false,false,135
qwen2.5-coder-14b-instruct,humaneval_plus,r,functional_preservation,true,true,6
qwen2.5-coder-14b-instruct,humaneval_plus,r,regression,true,true,1
qwen2.5-coder-14b-instruct,humaneval_plus,r,repair,true,true,1
qwen2.5-coder-14b-instruct,humaneval_plus,r,unrepaired_failure,false,false,17
qwen2.5-coder-14b-instruct,humaneval_plus,r,unrepaired_failure,true,true,1
qwen2.5-coder-14b-instruct,humaneval_plus,sc_cpr,functional_preservation,false,false,138
qwen2.5-coder-14b-instruct,humaneval_plus,sc_cpr,functional_preservation,true,true,3
qwen2.5-coder-14b-instruct,humaneval_plus,sc_cpr,regression,true,true,1
qwen2.5-coder-14b-instruct,humaneval_plus,sc_cpr,repair,true,true,2
qwen2.5-coder-14b-instruct,humaneval_plus,sc_cpr,unrepaired_failure,false,false,14
qwen2.5-coder-14b-instruct,humaneval_plus,sc_cpr,unrepaired_failure,true,true,3
qwen2.5-coder-14b-instruct,humaneval_plus,sc_cr,functional_preservation,false,false,138
qwen2.5-coder-14b-instruct,humaneval_plus,sc_cr,functional_preservation,true,true,3
qwen2.5-coder-14b-instruct,humaneval_plus,sc_cr,regression,true,true,1
qwen2.5-coder-14b-instruct,humaneval_plus,sc_cr,unrepaired_failure,false,false,15
qwen2.5-coder-14b-instruct,humaneval_plus,sc_cr,unrepaired_failure,true,true,4
qwen2.5-coder-14b-instruct,humaneval_plus,sc_dcpr,functional_preservation,false,false,141
qwen2.5-coder-14b-instruct,humaneval_plus,sc_dcpr,regression,true,true,1
qwen2.5-coder-14b-instruct,humaneval_plus,sc_dcpr,repair,true,true,2
qwen2.5-coder-14b-instruct,humaneval_plus,sc_dcpr,unrepaired_failure,false,false,17
qwen2.5-coder-14b-instruct,humaneval_plus,sc_dcr,functional_preservation,false,false,141
qwen2.5-coder-14b-instruct,humaneval_plus,sc_dcr,regression,true,true,1
qwen2.5-coder-14b-instruct,humaneval_plus,sc_dcr,repair,true,true,2
qwen2.5-coder-14b-instruct,humaneval_plus,sc_dcr,unrepaired_failure,false,false,17
qwen2.5-coder-14b-instruct,humaneval_plus,sc_dr,functional_preservation,false,false,142
qwen2.5-coder-14b-instruct,humaneval_plus,sc_dr,repair,true,true,2
qwen2.5-coder-14b-instruct,humaneval_plus,sc_dr,unrepaired_failure,false,false,17
qwen2.5-coder-14b-instruct,mbpp_plus,cpr,functional_preservation,false,false,265
qwen2.5-coder-14b-instruct,mbpp_plus,cpr,functional_preservation,false,true,1
qwen2.5-coder-14b-instruct,mbpp_plus,cpr,functional_preservation,true,true,13
qwen2.5-coder-14b-instruct,mbpp_plus,cpr,regression,true,true,8
qwen2.5-coder-14b-instruct,mbpp_plus,cpr,repair,true,true,9
qwen2.5-coder-14b-instruct,mbpp_plus,cpr,unrepaired_failure,false,false,63
qwen2.5-coder-14b-instruct,mbpp_plus,cpr,unrepaired_failure,true,true,18
qwen2.5-coder-14b-instruct,mbpp_plus,cr,functional_preservation,false,false,268
qwen2.5-coder-14b-instruct,mbpp_plus,cr,functional_preservation,false,true,1
qwen2.5-coder-14b-instruct,mbpp_plus,cr,functional_preservation,true,true,10
qwen2.5-coder-14b-instruct,mbpp_plus,cr,regression,true,true,8
qwen2.5-coder-14b-instruct,mbpp_plus,cr,repair,true,true,11
qwen2.5-coder-14b-instruct,mbpp_plus,cr,unrepaired_failure,false,false,63
qwen2.5-coder-14b-instruct,mbpp_plus,cr,unrepaired_failure,true,true,16
qwen2.5-coder-14b-instruct,mbpp_plus,dcpr,functional_preservation,false,false,284
qwen2.5-coder-14b-instruct,mbpp_plus,dcpr,functional_preservation,true,true,1
qwen2.5-coder-14b-instruct,mbpp_plus,dcpr,regression,true,true,2
qwen2.5-coder-14b-instruct,mbpp_plus,dcpr,repair,true,true,9
qwen2.5-coder-14b-instruct,mbpp_plus,dcpr,unrepaired_failure,false,false,76
qwen2.5-coder-14b-instruct,mbpp_plus,dcpr,unrepaired_failure,true,true,5
qwen2.5-coder-14b-instruct,mbpp_plus,dcr,functional_preservation,false,false,284
qwen2.5-coder-14b-instruct,mbpp_plus,dcr,functional_preservation,true,true,1
qwen2.5-coder-14b-instruct,mbpp_plus,dcr,regression,true,true,2
qwen2.5-coder-14b-instruct,mbpp_plus,dcr,repair,true,true,11
qwen2.5-coder-14b-instruct,mbpp_plus,dcr,unrepaired_failure,false,false,75
qwen2.5-coder-14b-instruct,mbpp_plus,dcr,unrepaired_failure,true,true,4
qwen2.5-coder-14b-instruct,mbpp_plus,direct,functional_preservation,false,false,287
qwen2.5-coder-14b-instruct,mbpp_plus,direct,unrepaired_failure,false,false,90
qwen2.5-coder-14b-instruct,mbpp_plus,dr,functional_preservation,false,false,286
qwen2.5-coder-14b-instruct,mbpp_plus,dr,functional_preservation,true,true,1
qwen2.5-coder-14b-instruct,mbpp_plus,dr,repair,true,true,3
qwen2.5-coder-14b-instruct,mbpp_plus,dr,unrepaired_failure,false,false,86
qwen2.5-coder-14b-instruct,mbpp_plus,dr,unrepaired_failure,true,true,1
qwen2.5-coder-14b-instruct,mbpp_plus,r,functional_preservation,false,false,283
qwen2.5-coder-14b-instruct,mbpp_plus,r,functional_preservation,false,true,1
qwen2.5-coder-14b-instruct,mbpp_plus,r,functional_preservation,true,true,3
qwen2.5-coder-14b-instruct,mbpp_plus,r,repair,true,true,3
qwen2.5-coder-14b-instruct,mbpp_plus,r,unrepaired_failure,false,false,84
qwen2.5-coder-14b-instruct,mbpp_plus,r,unrepaired_failure,true,true,3
qwen2.5-coder-14b-instruct,mbpp_plus,sc_cpr,functional_preservation,false,false,277
qwen2.5-coder-14b-instruct,mbpp_plus,sc_cpr,functional_preservation,false,true,1
qwen2.5-coder-14b-instruct,mbpp_plus,sc_cpr,functional_preservation,true,true,7
qwen2.5-coder-14b-instruct,mbpp_plus,sc_cpr,regression,true,true,2
qwen2.5-coder-14b-instruct,mbpp_plus,sc_cpr,repair,true,true,8
qwen2.5-coder-14b-instruct,mbpp_plus,sc_cpr,unrepaired_failure,false,false,73
qwen2.5-coder-14b-instruct,mbpp_plus,sc_cpr,unrepaired_failure,true,true,9
qwen2.5-coder-14b-instruct,mbpp_plus,sc_cr,functional_preservation,false,false,276
qwen2.5-coder-14b-instruct,mbpp_plus,sc_cr,functional_preservation,false,true,1
qwen2.5-coder-14b-instruct,mbpp_plus,sc_cr,functional_preservation,true,true,8
qwen2.5-coder-14b-instruct,mbpp_plus,sc_cr,regression,true,true,2
qwen2.5-coder-14b-instruct,mbpp_plus,sc_cr,repair,true,true,9
qwen2.5-coder-14b-instruct,mbpp_plus,sc_cr,unrepaired_failure,false,false,70
qwen2.5-coder-14b-instruct,mbpp_plus,sc_cr,unrepaired_failure,true,true,11
qwen2.5-coder-14b-instruct,mbpp_plus,sc_dcpr,functional_preservation,false,false,285
qwen2.5-coder-14b-instruct,mbpp_plus,sc_dcpr,functional_preservation,false,true,1
qwen2.5-coder-14b-instruct,mbpp_plus,sc_dcpr,functional_preservation,true,true,1
qwen2.5-coder-14b-instruct,mbpp_plus,sc_dcpr,repair,true,true,5
qwen2.5-coder-14b-instruct,mbpp_plus,sc_dcpr,unrepaired_failure,false,false,83
qwen2.5-coder-14b-instruct,mbpp_plus,sc_dcpr,unrepaired_failure,true,true,2
qwen2.5-coder-14b-instruct,mbpp_plus,sc_dcr,functional_preservation,false,false,285
qwen2.5-coder-14b-instruct,mbpp_plus,sc_dcr,functional_preservation,false,true,1
qwen2.5-coder-14b-instruct,mbpp_plus,sc_dcr,regression,true,true,1
qwen2.5-coder-14b-instruct,mbpp_plus,sc_dcr,repair,true,true,3
qwen2.5-coder-14b-instruct,mbpp_plus,sc_dcr,unrepaired_failure,false,false,84
qwen2.5-coder-14b-instruct,mbpp_plus,sc_dcr,unrepaired_failure,true,true,3
qwen2.5-coder-14b-instruct,mbpp_plus,sc_dr,functional_preservation,false,false,286
qwen2.5-coder-14b-instruct,mbpp_plus,sc_dr,functional_preservation,false,true,1
qwen2.5-coder-14b-instruct,mbpp_plus,sc_dr,repair,true,true,4
qwen2.5-coder-14b-instruct,mbpp_plus,sc_dr,unrepaired_failure,false,false,82
qwen2.5-coder-14b-instruct,mbpp_plus,sc_dr,unrepaired_failure,true,true,4
qwen2.5-coder-7b-instruct,bigcodebench_instruct,cpr,functional_preservation,false,false,411
qwen2.5-coder-7b-instruct,bigcodebench_instruct,cpr,functional_preservation,true,true,38
qwen2.5-coder-7b-instruct,bigcodebench_instruct,cpr,regression,true,true,17
qwen2.5-coder-7b-instruct,bigcodebench_instruct,cpr,repair,false,false,1
qwen2.5-coder-7b-instruct,bigcodebench_instruct,cpr,repair,true,true,20
qwen2.5-coder-7b-instruct,bigcodebench_instruct,cpr,unrepaired_failure,false,false,479
qwen2.5-coder-7b-instruct,bigcodebench_instruct,cpr,unrepaired_failure,true,true,170
qwen2.5-coder-7b-instruct,bigcodebench_instruct,cr,functional_preservation,false,false,406
qwen2.5-coder-7b-instruct,bigcodebench_instruct,cr,functional_preservation,true,true,41
qwen2.5-coder-7b-instruct,bigcodebench_instruct,cr,regression,true,true,15
qwen2.5-coder-7b-instruct,bigcodebench_instruct,cr,repair,true,true,25
qwen2.5-coder-7b-instruct,bigcodebench_instruct,cr,unrepaired_failure,false,false,473
qwen2.5-coder-7b-instruct,bigcodebench_instruct,cr,unrepaired_failure,true,true,167
qwen2.5-coder-7b-instruct,bigcodebench_instruct,dcpr,functional_preservation,false,false,457
qwen2.5-coder-7b-instruct,bigcodebench_instruct,dcpr,functional_preservation,true,true,5
qwen2.5-coder-7b-instruct,bigcodebench_instruct,dcpr,regression,true,true,4
qwen2.5-coder-7b-instruct,bigcodebench_instruct,dcpr,repair,true,true,9
qwen2.5-coder-7b-instruct,bigcodebench_instruct,dcpr,unrepaired_failure,false,false,620
qwen2.5-coder-7b-instruct,bigcodebench_instruct,dcpr,unrepaired_failure,true,true,41
qwen2.5-coder-7b-instruct,bigcodebench_instruct,dcr,functional_preservation,false,false,456
qwen2.5-coder-7b-instruct,bigcodebench_instruct,dcr,functional_preservation,true,true,5
qwen2.5-coder-7b-instruct,bigcodebench_instruct,dcr,regression,true,true,5
qwen2.5-coder-7b-instruct,bigcodebench_instruct,dcr,repair,true,true,11
qwen2.5-coder-7b-instruct,bigcodebench_instruct,dcr,unrepaired_failure,false,false,625
qwen2.5-coder-7b-instruct,bigcodebench_instruct,dcr,unrepaired_failure,true,true,34
qwen2.5-coder-7b-instruct,bigcodebench_instruct,direct,functional_preservation,false,false,466
qwen2.5-coder-7b-instruct,bigcodebench_instruct,direct,unrepaired_failure,false,false,670
qwen2.5-coder-7b-instruct,bigcodebench_instruct,dr,functional_preservation,false,false,463
qwen2.5-coder-7b-instruct,bigcodebench_instruct,dr,functional_preservation,true,true,3
qwen2.5-coder-7b-instruct,bigcodebench_instruct,dr,repair,true,true,5
qwen2.5-coder-7b-instruct,bigcodebench_instruct,dr,unrepaired_failure,false,false,655
qwen2.5-coder-7b-instruct,bigcodebench_instruct,dr,unrepaired_failure,true,true,10
qwen2.5-coder-7b-instruct,bigcodebench_instruct,r,functional_preservation,false,false,447
qwen2.5-coder-7b-instruct,bigcodebench_instruct,r,functional_preservation,true,true,18
qwen2.5-coder-7b-instruct,bigcodebench_instruct,r,regression,true,true,1
qwen2.5-coder-7b-instruct,bigcodebench_instruct,r,repair,true,true,12
qwen2.5-coder-7b-instruct,bigcodebench_instruct,r,unrepaired_failure,false,false,594
qwen2.5-coder-7b-instruct,bigcodebench_instruct,r,unrepaired_failure,true,true,64
qwen2.5-coder-7b-instruct,bigcodebench_instruct,sc_cpr,functional_preservation,false,false,450
qwen2.5-coder-7b-instruct,bigcodebench_instruct,sc_cpr,functional_preservation,true,true,15
qwen2.5-coder-7b-instruct,bigcodebench_instruct,sc_cpr,regression,true,true,1
qwen2.5-coder-7b-instruct,bigcodebench_instruct,sc_cpr,repair,true,true,12
qwen2.5-coder-7b-instruct,bigcodebench_instruct,sc_cpr,unrepaired_failure,false,false,596
qwen2.5-coder-7b-instruct,bigcodebench_instruct,sc_cpr,unrepaired_failure,true,true,62
qwen2.5-coder-7b-instruct,bigcodebench_instruct,sc_cr,functional_preservation,false,false,440
qwen2.5-coder-7b-instruct,bigcodebench_instruct,sc_cr,functional_preservation,true,true,21
qwen2.5-coder-7b-instruct,bigcodebench_instruct,sc_cr,regression,true,true,5
qwen2.5-coder-7b-instruct,bigcodebench_instruct,sc_cr,repair,true,true,14
qwen2.5-coder-7b-instruct,bigcodebench_instruct,sc_cr,unrepaired_failure,false,false,569
qwen2.5-coder-7b-instruct,bigcodebench_instruct,sc_cr,unrepaired_failure,true,true,87
qwen2.5-coder-7b-instruct,bigcodebench_instruct,sc_dcpr,functional_preservation,false,false,422
qwen2.5-coder-7b-instruct,bigcodebench_instruct,sc_dcpr,functional_preservation,true,true,33
qwen2.5-coder-7b-instruct,bigcodebench_instruct,sc_dcpr,regression,true,true,10
qwen2.5-coder-7b-instruct,bigcodebench_instruct,sc_dcpr,repair,false,false,1
qwen2.5-coder-7b-instruct,bigcodebench_instruct,sc_dcpr,repair,true,true,15
qwen2.5-coder-7b-instruct,bigcodebench_instruct,sc_dcpr,unrepaired_failure,false,false,525
qwen2.5-coder-7b-instruct,bigcodebench_instruct,sc_dcpr,unrepaired_failure,true,true,129
qwen2.5-coder-7b-instruct,bigcodebench_instruct,sc_dcr,functional_preservation,false,false,447
qwen2.5-coder-7b-instruct,bigcodebench_instruct,sc_dcr,functional_preservation,true,true,17
qwen2.5-coder-7b-instruct,bigcodebench_instruct,sc_dcr,regression,true,true,2
qwen2.5-coder-7b-instruct,bigcodebench_instruct,sc_dcr,repair,true,true,11
qwen2.5-coder-7b-instruct,bigcodebench_instruct,sc_dcr,unrepaired_failure,false,false,585
qwen2.5-coder-7b-instruct,bigcodebench_instruct,sc_dcr,unrepaired_failure,true,true,74
qwen2.5-coder-7b-instruct,bigcodebench_instruct,sc_dr,functional_preservation,false,false,447
qwen2.5-coder-7b-instruct,bigcodebench_instruct,sc_dr,functional_preservation,true,true,15
qwen2.5-coder-7b-instruct,bigcodebench_instruct,sc_dr,regression,true,true,4
qwen2.5-coder-7b-instruct,bigcodebench_instruct,sc_dr,repair,true,true,12
qwen2.5-coder-7b-instruct,bigcodebench_instruct,sc_dr,unrepaired_failure,false,false,599
qwen2.5-coder-7b-instruct,bigcodebench_instruct,sc_dr,unrepaired_failure,true,true,59
qwen2.5-coder-7b-instruct,humaneval_plus,cpr,functional_preservation,false,false,127
qwen2.5-coder-7b-instruct,humaneval_plus,cpr,functional_preservation,true,true,6
qwen2.5-coder-7b-instruct,humaneval_plus,cpr,regression,true,true,7
qwen2.5-coder-7b-instruct,humaneval_plus,cpr,repair,true,true,2
qwen2.5-coder-7b-instruct,humaneval_plus,cpr,unrepaired_failure,false,false,15
qwen2.5-coder-7b-instruct,humaneval_plus,cpr,unrepaired_failure,true,true,4
qwen2.5-coder-7b-instruct,humaneval_plus,cr,functional_preservation,false,false,122
qwen2.5-coder-7b-instruct,humaneval_plus,cr,functional_preservation,true,true,10
qwen2.5-coder-7b-instruct,humaneval_plus,cr,regression,true,true,8
qwen2.5-coder-7b-instruct,humaneval_plus,cr,repair,true,true,3
qwen2.5-coder-7b-instruct,humaneval_plus,cr,unrepaired_failure,false,false,13
qwen2.5-coder-7b-instruct,humaneval_plus,cr,unrepaired_failure,true,true,5
qwen2.5-coder-7b-instruct,humaneval_plus,dcpr,functional_preservation,false,false,138
qwen2.5-coder-7b-instruct,humaneval_plus,dcpr,regression,true,true,2
qwen2.5-coder-7b-instruct,humaneval_plus,dcpr,repair,true,true,2
qwen2.5-coder-7b-instruct,humaneval_plus,dcpr,unrepaired_failure,false,false,18
qwen2.5-coder-7b-instruct,humaneval_plus,dcpr,unrepaired_failure,true,true,1
qwen2.5-coder-7b-instruct,humaneval_plus,dcr,functional_preservation,false,false,138
qwen2.5-coder-7b-instruct,humaneval_plus,dcr,regression,true,true,2
qwen2.5-coder-7b-instruct,humaneval_plus,dcr,repair,true,true,2
qwen2.5-coder-7b-instruct,humaneval_plus,dcr,unrepaired_failure,false,false,18
qwen2.5-coder-7b-instruct,humaneval_plus,dcr,unrepaired_failure,true,true,1
qwen2.5-coder-7b-instruct,humaneval_plus,direct,functional_preservation,false,false,140
qwen2.5-coder-7b-instruct,humaneval_plus,direct,unrepaired_failure,false,false,21
qwen2.5-coder-7b-instruct,humaneval_plus,dr,functional_preservation,false,false,140
qwen2.5-coder-7b-instruct,humaneval_plus,dr,repair,true,true,1
qwen2.5-coder-7b-instruct,humaneval_plus,dr,unrepaired_failure,false,false,19
qwen2.5-coder-7b-instruct,humaneval_plus,dr,unrepaired_failure,true,true,1
qwen2.5-coder-7b-instruct,humaneval_plus,r,functional_preservation,false,false,137
qwen2.5-coder-7b-instruct,humaneval_plus,r,functional_preservation,true,true,2
qwen2.5-coder-7b-instruct,humaneval_plus,r,regression,true,true,1
qwen2.5-coder-7b-instruct,humaneval_plus,r,repair,true,true,1
qwen2.5-coder-7b-instruct,humaneval_plus,r,unrepaired_failure,false,false,19
qwen2.5-coder-7b-instruct,humaneval_plus,r,unrepaired_failure,true,true,1
qwen2.5-coder-7b-instruct,humaneval_plus,sc_cpr,functional_preservation,false,false,138
qwen2.5-coder-7b-instruct,humaneval_plus,sc_cpr,regression,true,true,2
qwen2.5-coder-7b-instruct,humaneval_plus,sc_cpr,repair,true,true,1
qwen2.5-coder-7b-instruct,humaneval_plus,sc_cpr,unrepaired_failure,false,false,19
qwen2.5-coder-7b-instruct,humaneval_plus,sc_cpr,unrepaired_failure,true,true,1
qwen2.5-coder-7b-instruct,humaneval_plus,sc_cr,functional_preservation,false,false,136
qwen2.5-coder-7b-instruct,humaneval_plus,sc_cr,functional_preservation,true,true,2
qwen2.5-coder-7b-instruct,humaneval_plus,sc_cr,regression,true,true,2
qwen2.5-coder-7b-instruct,humaneval_plus,sc_cr,repair,true,true,1
qwen2.5-coder-7b-instruct,humaneval_plus,sc_cr,unrepaired_failure,false,false,18
qwen2.5-coder-7b-instruct,humaneval_plus,sc_cr,unrepaired_failure,true,true,2
qwen2.5-coder-7b-instruct,humaneval_plus,sc_dcpr,functional_preservation,false,false,134
qwen2.5-coder-7b-instruct,humaneval_plus,sc_dcpr,functional_preservation,true,true,4
qwen2.5-coder-7b-instruct,humaneval_plus,sc_dcpr,regression,true,true,2
qwen2.5-coder-7b-instruct,humaneval_plus,sc_dcpr,repair,true,true,2
qwen2.5-coder-7b-instruct,humaneval_plus,sc_dcpr,unrepaired_failure,false,false,15
qwen2.5-coder-7b-instruct,humaneval_plus,sc_dcpr,unrepaired_failure,true,true,4
qwen2.5-coder-7b-instruct,humaneval_plus,sc_dcr,functional_preservation,false,false,138
qwen2.5-coder-7b-instruct,humaneval_plus,sc_dcr,functional_preservation,true,true,1
qwen2.5-coder-7b-instruct,humaneval_plus,sc_dcr,repair,true,true,1
qwen2.5-coder-7b-instruct,humaneval_plus,sc_dcr,unrepaired_failure,false,false,18
qwen2.5-coder-7b-instruct,humaneval_plus,sc_dcr,unrepaired_failure,true,true,2
qwen2.5-coder-7b-instruct,humaneval_plus,sc_dr,functional_preservation,false,false,140
qwen2.5-coder-7b-instruct,humaneval_plus,sc_dr,repair,true,true,1
qwen2.5-coder-7b-instruct,humaneval_plus,sc_dr,unrepaired_failure,false,false,19
qwen2.5-coder-7b-instruct,humaneval_plus,sc_dr,unrepaired_failure,true,true,1
qwen2.5-coder-7b-instruct,mbpp_plus,cpr,functional_preservation,false,false,267
qwen2.5-coder-7b-instruct,mbpp_plus,cpr,functional_preservation,true,true,3
qwen2.5-coder-7b-instruct,mbpp_plus,cpr,regression,true,true,8
qwen2.5-coder-7b-instruct,mbpp_plus,cpr,repair,true,true,5
qwen2.5-coder-7b-instruct,mbpp_plus,cpr,unrepaired_failure,false,false,74
qwen2.5-coder-7b-instruct,mbpp_plus,cpr,unrepaired_failure,true,true,17
qwen2.5-coder-7b-instruct,mbpp_plus,cr,functional_preservation,false,false,267
qwen2.5-coder-7b-instruct,mbpp_plus,cr,functional_preservation,true,true,5
qwen2.5-coder-7b-instruct,mbpp_plus,cr,regression,true,true,6
qwen2.5-coder-7b-instruct,mbpp_plus,cr,repair,true,true,5
qwen2.5-coder-7b-instruct,mbpp_plus,cr,unrepaired_failure,false,false,74
qwen2.5-coder-7b-instruct,mbpp_plus,cr,unrepaired_failure,true,true,17
qwen2.5-coder-7b-instruct,mbpp_plus,dcpr,functional_preservation,false,false,273
qwen2.5-coder-7b-instruct,mbpp_plus,dcpr,functional_preservation,true,true,2
qwen2.5-coder-7b-instruct,mbpp_plus,dcpr,regression,true,true,3
qwen2.5-coder-7b-instruct,mbpp_plus,dcpr,repair,true,true,5
qwen2.5-coder-7b-instruct,mbpp_plus,dcpr,unrepaired_failure,false,false,82
qwen2.5-coder-7b-instruct,mbpp_plus,dcpr,unrepaired_failure,true,true,10
qwen2.5-coder-7b-instruct,mbpp_plus,dcr,functional_preservation,false,false,273
qwen2.5-coder-7b-instruct,mbpp_plus,dcr,functional_preservation,true,true,2
qwen2.5-coder-7b-instruct,mbpp_plus,dcr,regression,true,true,3
qwen2.5-coder-7b-instruct,mbpp_plus,dcr,repair,true,true,5
qwen2.5-coder-7b-instruct,mbpp_plus,dcr,unrepaired_failure,false,false,82
qwen2.5-coder-7b-instruct,mbpp_plus,dcr,unrepaired_failure,true,true,10
qwen2.5-coder-7b-instruct,mbpp_plus,direct,functional_preservation,false,false,278
qwen2.5-coder-7b-instruct,mbpp_plus,direct,unrepaired_failure,false,false,97
qwen2.5-coder-7b-instruct,mbpp_plus,dr,functional_preservation,false,false,278
qwen2.5-coder-7b-instruct,mbpp_plus,dr,repair,true,true,1
qwen2.5-coder-7b-instruct,mbpp_plus,dr,unrepaired_failure,false,false,93
qwen2.5-coder-7b-instruct,mbpp_plus,dr,unrepaired_failure,true,true,3
qwen2.5-coder-7b-instruct,mbpp_plus,r,functional_preservation,false,false,277
qwen2.5-coder-7b-instruct,mbpp_plus,r,functional_preservation,true,true,1
qwen2.5-coder-7b-instruct,mbpp_plus,r,repair,true,true,1
qwen2.5-coder-7b-instruct,mbpp_plus,r,unrepaired_failure,false,false,92
qwen2.5-coder-7b-instruct,mbpp_plus,r,unrepaired_failure,true,true,4
qwen2.5-coder-7b-instruct,mbpp_plus,sc_cpr,functional_preservation,false,false,274
qwen2.5-coder-7b-instruct,mbpp_plus,sc_cpr,functional_preservation,true,true,2
qwen2.5-coder-7b-instruct,mbpp_plus,sc_cpr,regression,true,true,2
qwen2.5-coder-7b-instruct,mbpp_plus,sc_cpr,repair,true,true,1
qwen2.5-coder-7b-instruct,mbpp_plus,sc_cpr,unrepaired_failure,false,false,91
qwen2.5-coder-7b-instruct,mbpp_plus,sc_cpr,unrepaired_failure,true,true,5
qwen2.5-coder-7b-instruct,mbpp_plus,sc_cr,functional_preservation,false,false,269
qwen2.5-coder-7b-instruct,mbpp_plus,sc_cr,functional_preservation,true,true,7
qwen2.5-coder-7b-instruct,mbpp_plus,sc_cr,regression,true,true,2
qwen2.5-coder-7b-instruct,mbpp_plus,sc_cr,repair,true,true,1
qwen2.5-coder-7b-instruct,mbpp_plus,sc_cr,unrepaired_failure,false,false,89
qwen2.5-coder-7b-instruct,mbpp_plus,sc_cr,unrepaired_failure,true,true,7
qwen2.5-coder-7b-instruct,mbpp_plus,sc_dcpr,functional_preservation,false,false,268
qwen2.5-coder-7b-instruct,mbpp_plus,sc_dcpr,functional_preservation,true,true,5
qwen2.5-coder-7b-instruct,mbpp_plus,sc_dcpr,regression,true,true,5
qwen2.5-coder-7b-instruct,mbpp_plus,sc_dcpr,repair,true,true,4
qwen2.5-coder-7b-instruct,mbpp_plus,sc_dcpr,unrepaired_failure,false,false,78
qwen2.5-coder-7b-instruct,mbpp_plus,sc_dcpr,unrepaired_failure,true,true,13
qwen2.5-coder-7b-instruct,mbpp_plus,sc_dcr,functional_preservation,false,false,271
qwen2.5-coder-7b-instruct,mbpp_plus,sc_dcr,functional_preservation,true,true,6
qwen2.5-coder-7b-instruct,mbpp_plus,sc_dcr,regression,true,true,1
qwen2.5-coder-7b-instruct,mbpp_plus,sc_dcr,repair,true,true,3
qwen2.5-coder-7b-instruct,mbpp_plus,sc_dcr,unrepaired_failure,false,false,88
qwen2.5-coder-7b-instruct,mbpp_plus,sc_dcr,unrepaired_failure,true,true,5
qwen2.5-coder-7b-instruct,mbpp_plus,sc_dr,functional_preservation,false,false,273
qwen2.5-coder-7b-instruct,mbpp_plus,sc_dr,functional_preservation,true,true,4
qwen2.5-coder-7b-instruct,mbpp_plus,sc_dr,regression,true,true,1
qwen2.5-coder-7b-instruct,mbpp_plus,sc_dr,repair,true,true,2
qwen2.5-coder-7b-instruct,mbpp_plus,sc_dr,unrepaired_failure,false,false,88
qwen2.5-coder-7b-instruct,mbpp_plus,sc_dr,unrepaired_failure,true,true,7
qwen3-coder-30b-a3b-instruct-fp8,bigcodebench_instruct,cpr,functional_preservation,false,false,53
qwen3-coder-30b-a3b-instruct-fp8,bigcodebench_instruct,cpr,functional_preservation,true,true,313
qwen3-coder-30b-a3b-instruct-fp8,bigcodebench_instruct,cpr,regression,true,true,196
qwen3-coder-30b-a3b-instruct-fp8,bigcodebench_instruct,cpr,repair,true,true,32
qwen3-coder-30b-a3b-instruct-fp8,bigcodebench_instruct,cpr,unrepaired_failure,false,false,29
qwen3-coder-30b-a3b-instruct-fp8,bigcodebench_instruct,cpr,unrepaired_failure,true,true,511
qwen3-coder-30b-a3b-instruct-fp8,bigcodebench_instruct,cr,functional_preservation,false,false,58
qwen3-coder-30b-a3b-instruct-fp8,bigcodebench_instruct,cr,functional_preservation,true,true,345
qwen3-coder-30b-a3b-instruct-fp8,bigcodebench_instruct,cr,regression,true,true,159
qwen3-coder-30b-a3b-instruct-fp8,bigcodebench_instruct,cr,repair,true,true,26
qwen3-coder-30b-a3b-instruct-fp8,bigcodebench_instruct,cr,unrepaired_failure,false,false,32
qwen3-coder-30b-a3b-instruct-fp8,bigcodebench_instruct,cr,unrepaired_failure,true,true,513
qwen3-coder-30b-a3b-instruct-fp8,bigcodebench_instruct,dcpr,functional_preservation,false,false,485
qwen3-coder-30b-a3b-instruct-fp8,bigcodebench_instruct,dcpr,functional_preservation,true,true,44
qwen3-coder-30b-a3b-instruct-fp8,bigcodebench_instruct,dcpr,regression,true,true,33
qwen3-coder-30b-a3b-instruct-fp8,bigcodebench_instruct,dcpr,repair,true,true,15
qwen3-coder-30b-a3b-instruct-fp8,bigcodebench_instruct,dcpr,unrepaired_failure,false,false,390
qwen3-coder-30b-a3b-instruct-fp8,bigcodebench_instruct,dcpr,unrepaired_failure,true,true,167
qwen3-coder-30b-a3b-instruct-fp8,bigcodebench_instruct,dcr,functional_preservation,false,false,486
qwen3-coder-30b-a3b-instruct-fp8,bigcodebench_instruct,dcr,functional_preservation,true,true,49
qwen3-coder-30b-a3b-instruct-fp8,bigcodebench_instruct,dcr,regression,true,true,27
qwen3-coder-30b-a3b-instruct-fp8,bigcodebench_instruct,dcr,repair,true,true,10
qwen3-coder-30b-a3b-instruct-fp8,bigcodebench_instruct,dcr,unrepaired_failure,false,false,390
qwen3-coder-30b-a3b-instruct-fp8,bigcodebench_instruct,dcr,unrepaired_failure,true,true,171
qwen3-coder-30b-a3b-instruct-fp8,bigcodebench_instruct,direct,functional_preservation,false,false,562
qwen3-coder-30b-a3b-instruct-fp8,bigcodebench_instruct,direct,unrepaired_failure,false,false,573
qwen3-coder-30b-a3b-instruct-fp8,bigcodebench_instruct,dr,functional_preservation,false,false,552
qwen3-coder-30b-a3b-instruct-fp8,bigcodebench_instruct,dr,functional_preservation,true,true,10
qwen3-coder-30b-a3b-instruct-fp8,bigcodebench_instruct,dr,repair,true,true,3
qwen3-coder-30b-a3b-instruct-fp8,bigcodebench_instruct,dr,unrepaired_failure,false,false,532
qwen3-coder-30b-a3b-instruct-fp8,bigcodebench_instruct,dr,unrepaired_failure,true,true,38
qwen3-coder-30b-a3b-instruct-fp8,bigcodebench_instruct,r,functional_preservation,false,false,543
qwen3-coder-30b-a3b-instruct-fp8,bigcodebench_instruct,r,functional_preservation,true,true,19
qwen3-coder-30b-a3b-instruct-fp8,bigcodebench_instruct,r,repair,true,true,4
qwen3-coder-30b-a3b-instruct-fp8,bigcodebench_instruct,r,unrepaired_failure,false,false,523
qwen3-coder-30b-a3b-instruct-fp8,bigcodebench_instruct,r,unrepaired_failure,true,true,46
qwen3-coder-30b-a3b-instruct-fp8,bigcodebench_instruct,sc_cpr,functional_preservation,false,false,528
qwen3-coder-30b-a3b-instruct-fp8,bigcodebench_instruct,sc_cpr,functional_preservation,true,true,28
qwen3-coder-30b-a3b-instruct-fp8,bigcodebench_instruct,sc_cpr,regression,true,true,5
qwen3-coder-30b-a3b-instruct-fp8,bigcodebench_instruct,sc_cpr,repair,true,true,7
qwen3-coder-30b-a3b-instruct-fp8,bigcodebench_instruct,sc_cpr,unrepaired_failure,false,false,509
qwen3-coder-30b-a3b-instruct-fp8,bigcodebench_instruct,sc_cpr,unrepaired_failure,true,true,57
qwen3-coder-30b-a3b-instruct-fp8,bigcodebench_instruct,sc_cr,functional_preservation,false,false,526
qwen3-coder-30b-a3b-instruct-fp8,bigcodebench_instruct,sc_cr,functional_preservation,true,true,35
qwen3-coder-30b-a3b-instruct-fp8,bigcodebench_instruct,sc_cr,regression,true,true,1
qwen3-coder-30b-a3b-instruct-fp8,bigcodebench_instruct,sc_cr,repair,true,true,3
qwen3-coder-30b-a3b-instruct-fp8,bigcodebench_instruct,sc_cr,unrepaired_failure,false,false,494
qwen3-coder-30b-a3b-instruct-fp8,bigcodebench_instruct,sc_cr,unrepaired_failure,true,true,76
qwen3-coder-30b-a3b-instruct-fp8,bigcodebench_instruct,sc_dcpr,functional_preservation,false,false,439
qwen3-coder-30b-a3b-instruct-fp8,bigcodebench_instruct,sc_dcpr,functional_preservation,true,true,99
qwen3-coder-30b-a3b-instruct-fp8,bigcodebench_instruct,sc_dcpr,regression,true,true,19
qwen3-coder-30b-a3b-instruct-fp8,bigcodebench_instruct,sc_dcpr,repair,true,true,12
qwen3-coder-30b-a3b-instruct-fp8,bigcodebench_instruct,sc_dcpr,unrepaired_failure,false,false,374
qwen3-coder-30b-a3b-instruct-fp8,bigcodebench_instruct,sc_dcpr,unrepaired_failure,true,true,185
qwen3-coder-30b-a3b-instruct-fp8,bigcodebench_instruct,sc_dcr,functional_preservation,false,false,512
qwen3-coder-30b-a3b-instruct-fp8,bigcodebench_instruct,sc_dcr,functional_preservation,true,true,46
qwen3-coder-30b-a3b-instruct-fp8,bigcodebench_instruct,sc_dcr,regression,true,true,4
qwen3-coder-30b-a3b-instruct-fp8,bigcodebench_instruct,sc_dcr,repair,true,true,4
qwen3-coder-30b-a3b-instruct-fp8,bigcodebench_instruct,sc_dcr,unrepaired_failure,false,false,481
qwen3-coder-30b-a3b-instruct-fp8,bigcodebench_instruct,sc_dcr,unrepaired_failure,true,true,88
qwen3-coder-30b-a3b-instruct-fp8,bigcodebench_instruct,sc_dr,functional_preservation,false,false,530
qwen3-coder-30b-a3b-instruct-fp8,bigcodebench_instruct,sc_dr,functional_preservation,true,true,28
qwen3-coder-30b-a3b-instruct-fp8,bigcodebench_instruct,sc_dr,regression,true,true,4
qwen3-coder-30b-a3b-instruct-fp8,bigcodebench_instruct,sc_dr,repair,true,true,3
qwen3-coder-30b-a3b-instruct-fp8,bigcodebench_instruct,sc_dr,unrepaired_failure,false,false,484
qwen3-coder-30b-a3b-instruct-fp8,bigcodebench_instruct,sc_dr,unrepaired_failure,true,true,86
qwen3-coder-30b-a3b-instruct-fp8,humaneval_plus,cpr,functional_preservation,false,false,68
qwen3-coder-30b-a3b-instruct-fp8,humaneval_plus,cpr,functional_preservation,true,true,53
qwen3-coder-30b-a3b-instruct-fp8,humaneval_plus,cpr,regression,true,true,17
qwen3-coder-30b-a3b-instruct-fp8,humaneval_plus,cpr,repair,true,true,6
qwen3-coder-30b-a3b-instruct-fp8,humaneval_plus,cpr,unrepaired_failure,false,false,5
qwen3-coder-30b-a3b-instruct-fp8,humaneval_plus,cpr,unrepaired_failure,true,true,9
qwen3-coder-30b-a3b-instruct-fp8,humaneval_plus,cr,functional_preservation,false,false,71
qwen3-coder-30b-a3b-instruct-fp8,humaneval_plus,cr,functional_preservation,true,true,55
qwen3-coder-30b-a3b-instruct-fp8,humaneval_plus,cr,regression,true,true,12
qwen3-coder-30b-a3b-instruct-fp8,humaneval_plus,cr,repair,true,true,7
qwen3-coder-30b-a3b-instruct-fp8,humaneval_plus,cr,unrepaired_failure,false,false,4
qwen3-coder-30b-a3b-instruct-fp8,humaneval_plus,cr,unrepaired_failure,true,true,9
qwen3-coder-30b-a3b-instruct-fp8,humaneval_plus,dcpr,functional_preservation,false,false,129
qwen3-coder-30b-a3b-instruct-fp8,humaneval_plus,dcpr,functional_preservation,true,true,6
qwen3-coder-30b-a3b-instruct-fp8,humaneval_plus,dcpr,regression,true,true,3
qwen3-coder-30b-a3b-instruct-fp8,humaneval_plus,dcpr,repair,true,true,1
qwen3-coder-30b-a3b-instruct-fp8,humaneval_plus,dcpr,unrepaired_failure,false,false,16
qwen3-coder-30b-a3b-instruct-fp8,humaneval_plus,dcpr,unrepaired_failure,true,true,3
qwen3-coder-30b-a3b-instruct-fp8,humaneval_plus,dcr,functional_preservation,false,false,129
qwen3-coder-30b-a3b-instruct-fp8,humaneval_plus,dcr,functional_preservation,true,true,6
qwen3-coder-30b-a3b-instruct-fp8,humaneval_plus,dcr,regression,true,true,3
qwen3-coder-30b-a3b-instruct-fp8,humaneval_plus,dcr,repair,true,true,1
qwen3-coder-30b-a3b-instruct-fp8,humaneval_plus,dcr,unrepaired_failure,false,false,16
qwen3-coder-30b-a3b-instruct-fp8,humaneval_plus,dcr,unrepaired_failure,true,true,3
qwen3-coder-30b-a3b-instruct-fp8,humaneval_plus,direct,functional_preservation,false,false,138
qwen3-coder-30b-a3b-instruct-fp8,humaneval_plus,direct,unrepaired_failure,false,false,21
qwen3-coder-30b-a3b-instruct-fp8,humaneval_plus,dr,functional_preservation,false,false,135
qwen3-coder-30b-a3b-instruct-fp8,humaneval_plus,dr,functional_preservation,true,true,3
qwen3-coder-30b-a3b-instruct-fp8,humaneval_plus,dr,unrepaired_failure,false,false,18
qwen3-coder-30b-a3b-instruct-fp8,humaneval_plus,dr,unrepaired_failure,true,true,2
qwen3-coder-30b-a3b-instruct-fp8,humaneval_plus,r,functional_preservation,false,false,130
qwen3-coder-30b-a3b-instruct-fp8,humaneval_plus,r,functional_preservation,true,true,8
qwen3-coder-30b-a3b-instruct-fp8,humaneval_plus,r,unrepaired_failure,false,false,18
qwen3-coder-30b-a3b-instruct-fp8,humaneval_plus,r,unrepaired_failure,true,true,2
qwen3-coder-30b-a3b-instruct-fp8,humaneval_plus,sc_cpr,functional_preservation,false,false,125
qwen3-coder-30b-a3b-instruct-fp8,humaneval_plus,sc_cpr,functional_preservation,true,true,6
qwen3-coder-30b-a3b-instruct-fp8,humaneval_plus,sc_cpr,regression,true,true,2
qwen3-coder-30b-a3b-instruct-fp8,humaneval_plus,sc_cpr,repair,true,true,5
qwen3-coder-30b-a3b-instruct-fp8,humaneval_plus,sc_cpr,unrepaired_failure,false,false,12
qwen3-coder-30b-a3b-instruct-fp8,humaneval_plus,sc_cpr,unrepaired_failure,true,true,3
qwen3-coder-30b-a3b-instruct-fp8,humaneval_plus,sc_cr,functional_preservation,false,false,129
qwen3-coder-30b-a3b-instruct-fp8,humaneval_plus,sc_cr,functional_preservation,true,true,9
qwen3-coder-30b-a3b-instruct-fp8,humaneval_plus,sc_cr,repair,true,true,1
qwen3-coder-30b-a3b-instruct-fp8,humaneval_plus,sc_cr,unrepaired_failure,false,false,14
qwen3-coder-30b-a3b-instruct-fp8,humaneval_plus,sc_cr,unrepaired_failure,true,true,5
qwen3-coder-30b-a3b-instruct-fp8,humaneval_plus,sc_dcpr,functional_preservation,false,false,132
qwen3-coder-30b-a3b-instruct-fp8,humaneval_plus,sc_dcpr,functional_preservation,true,true,4
qwen3-coder-30b-a3b-instruct-fp8,humaneval_plus,sc_dcpr,regression,true,true,2
qwen3-coder-30b-a3b-instruct-fp8,humaneval_plus,sc_dcpr,repair,true,true,1
qwen3-coder-30b-a3b-instruct-fp8,humaneval_plus,sc_dcpr,unrepaired_failure,false,false,14
qwen3-coder-30b-a3b-instruct-fp8,humaneval_plus,sc_dcpr,unrepaired_failure,true,true,5
qwen3-coder-30b-a3b-instruct-fp8,humaneval_plus,sc_dcr,functional_preservation,false,false,134
qwen3-coder-30b-a3b-instruct-fp8,humaneval_plus,sc_dcr,functional_preservation,true,true,2
qwen3-coder-30b-a3b-instruct-fp8,humaneval_plus,sc_dcr,unrepaired_failure,false,false,18
qwen3-coder-30b-a3b-instruct-fp8,humaneval_plus,sc_dcr,unrepaired_failure,true,true,2
qwen3-coder-30b-a3b-instruct-fp8,humaneval_plus,sc_dr,functional_preservation,false,false,133
qwen3-coder-30b-a3b-instruct-fp8,humaneval_plus,sc_dr,functional_preservation,true,true,5
qwen3-coder-30b-a3b-instruct-fp8,humaneval_plus,sc_dr,unrepaired_failure,false,false,16
qwen3-coder-30b-a3b-instruct-fp8,humaneval_plus,sc_dr,unrepaired_failure,true,true,4
qwen3-coder-30b-a3b-instruct-fp8,mbpp_plus,cpr,functional_preservation,false,false,158
qwen3-coder-30b-a3b-instruct-fp8,mbpp_plus,cpr,functional_preservation,true,true,78
qwen3-coder-30b-a3b-instruct-fp8,mbpp_plus,cpr,regression,true,true,51
qwen3-coder-30b-a3b-instruct-fp8,mbpp_plus,cpr,repair,true,true,9
qwen3-coder-30b-a3b-instruct-fp8,mbpp_plus,cpr,unrepaired_failure,false,false,23
qwen3-coder-30b-a3b-instruct-fp8,mbpp_plus,cpr,unrepaired_failure,true,true,56
qwen3-coder-30b-a3b-instruct-fp8,mbpp_plus,cr,functional_preservation,false,false,161
qwen3-coder-30b-a3b-instruct-fp8,mbpp_plus,cr,functional_preservation,true,true,81
qwen3-coder-30b-a3b-instruct-fp8,mbpp_plus,cr,regression,true,true,45
qwen3-coder-30b-a3b-instruct-fp8,mbpp_plus,cr,repair,true,true,10
qwen3-coder-30b-a3b-instruct-fp8,mbpp_plus,cr,unrepaired_failure,false,false,26
qwen3-coder-30b-a3b-instruct-fp8,mbpp_plus,cr,unrepaired_failure,true,true,51
qwen3-coder-30b-a3b-instruct-fp8,mbpp_plus,dcpr,functional_preservation,false,false,273
qwen3-coder-30b-a3b-instruct-fp8,mbpp_plus,dcpr,functional_preservation,true,true,8
qwen3-coder-30b-a3b-instruct-fp8,mbpp_plus,dcpr,regression,true,true,6
qwen3-coder-30b-a3b-instruct-fp8,mbpp_plus,dcpr,repair,true,true,1
qwen3-coder-30b-a3b-instruct-fp8,mbpp_plus,dcpr,unrepaired_failure,false,false,65
qwen3-coder-30b-a3b-instruct-fp8,mbpp_plus,dcpr,unrepaired_failure,true,true,23
qwen3-coder-30b-a3b-instruct-fp8,mbpp_plus,dcr,functional_preservation,false,false,273
qwen3-coder-30b-a3b-instruct-fp8,mbpp_plus,dcr,functional_preservation,true,true,9
qwen3-coder-30b-a3b-instruct-fp8,mbpp_plus,dcr,regression,true,true,5
qwen3-coder-30b-a3b-instruct-fp8,mbpp_plus,dcr,repair,true,true,3
qwen3-coder-30b-a3b-instruct-fp8,mbpp_plus,dcr,unrepaired_failure,false,false,65
qwen3-coder-30b-a3b-instruct-fp8,mbpp_plus,dcr,unrepaired_failure,true,true,20
qwen3-coder-30b-a3b-instruct-fp8,mbpp_plus,direct,functional_preservation,false,false,287
qwen3-coder-30b-a3b-instruct-fp8,mbpp_plus,direct,unrepaired_failure,false,false,90
qwen3-coder-30b-a3b-instruct-fp8,mbpp_plus,dr,functional_preservation,false,false,286
qwen3-coder-30b-a3b-instruct-fp8,mbpp_plus,dr,functional_preservation,true,true,1
qwen3-coder-30b-a3b-instruct-fp8,mbpp_plus,dr,unrepaired_failure,false,false,83
qwen3-coder-30b-a3b-instruct-fp8,mbpp_plus,dr,unrepaired_failure,true,true,7
qwen3-coder-30b-a3b-instruct-fp8,mbpp_plus,r,functional_preservation,false,false,283
qwen3-coder-30b-a3b-instruct-fp8,mbpp_plus,r,functional_preservation,true,true,4
qwen3-coder-30b-a3b-instruct-fp8,mbpp_plus,r,unrepaired_failure,false,false,81
qwen3-coder-30b-a3b-instruct-fp8,mbpp_plus,r,unrepaired_failure,true,true,9
qwen3-coder-30b-a3b-instruct-fp8,mbpp_plus,sc_cpr,functional_preservation,false,false,267
qwen3-coder-30b-a3b-instruct-fp8,mbpp_plus,sc_cpr,functional_preservation,true,true,8
qwen3-coder-30b-a3b-instruct-fp8,mbpp_plus,sc_cpr,regression,true,true,7
qwen3-coder-30b-a3b-instruct-fp8,mbpp_plus,sc_cpr,repair,true,true,5
qwen3-coder-30b-a3b-instruct-fp8,mbpp_plus,sc_cpr,unrepaired_failure,false,false,60
qwen3-coder-30b-a3b-instruct-fp8,mbpp_plus,sc_cpr,unrepaired_failure,true,true,23
qwen3-coder-30b-a3b-instruct-fp8,mbpp_plus,sc_cr,functional_preservation,false,false,273
qwen3-coder-30b-a3b-instruct-fp8,mbpp_plus,sc_cr,functional_preservation,true,true,10
qwen3-coder-30b-a3b-instruct-fp8,mbpp_plus,sc_cr,regression,true,true,2
qwen3-coder-30b-a3b-instruct-fp8,mbpp_plus,sc_cr,repair,true,true,1
qwen3-coder-30b-a3b-instruct-fp8,mbpp_plus,sc_cr,unrepaired_failure,false,false,70
qwen3-coder-30b-a3b-instruct-fp8,mbpp_plus,sc_cr,unrepaired_failure,true,true,18
qwen3-coder-30b-a3b-instruct-fp8,mbpp_plus,sc_dcpr,functional_preservation,false,false,269
qwen3-coder-30b-a3b-instruct-fp8,mbpp_plus,sc_dcpr,functional_preservation,true,true,12
qwen3-coder-30b-a3b-instruct-fp8,mbpp_plus,sc_dcpr,regression,true,true,6
qwen3-coder-30b-a3b-instruct-fp8,mbpp_plus,sc_dcpr,repair,true,true,3
qwen3-coder-30b-a3b-instruct-fp8,mbpp_plus,sc_dcpr,unrepaired_failure,false,false,67
qwen3-coder-30b-a3b-instruct-fp8,mbpp_plus,sc_dcpr,unrepaired_failure,true,true,19
qwen3-coder-30b-a3b-instruct-fp8,mbpp_plus,sc_dcr,functional_preservation,false,false,273
qwen3-coder-30b-a3b-instruct-fp8,mbpp_plus,sc_dcr,functional_preservation,true,true,5
qwen3-coder-30b-a3b-instruct-fp8,mbpp_plus,sc_dcr,regression,true,true,4
qwen3-coder-30b-a3b-instruct-fp8,mbpp_plus,sc_dcr,unrepaired_failure,false,false,73
qwen3-coder-30b-a3b-instruct-fp8,mbpp_plus,sc_dcr,unrepaired_failure,true,true,12
qwen3-coder-30b-a3b-instruct-fp8,mbpp_plus,sc_dr,functional_preservation,false,false,273
qwen3-coder-30b-a3b-instruct-fp8,mbpp_plus,sc_dr,functional_preservation,true,true,11
qwen3-coder-30b-a3b-instruct-fp8,mbpp_plus,sc_dr,regression,true,true,3
qwen3-coder-30b-a3b-instruct-fp8,mbpp_plus,sc_dr,repair,true,true,1
qwen3-coder-30b-a3b-instruct-fp8,mbpp_plus,sc_dr,unrepaired_failure,false,false,76
qwen3-coder-30b-a3b-instruct-fp8,mbpp_plus,sc_dr,unrepaired_failure,true,true,11
