model_id,benchmark_id,protocol,total_rows,complete_transitions,excluded,repair,repair_denominator_initial_fail,repair_rate,regression,regression_denominator_initial_pass,regression_rate,functional_preservation,functional_preservation_rate,unrepaired_failure,unrepaired_failure_rate,repair_minus_regression,net_gain_rate
deepseek-coder-v2-lite-instruct,bigcodebench_instruct,cpr,1136,1126,10,28,691,0.04052098408104197,114,435,0.2620689655172414,321,0.7379310344827587,663,0.959479015918958,-86,-0.0763765541740675
deepseek-coder-v2-lite-instruct,bigcodebench_instruct,cr,1136,1127,9,33,692,0.0476878612716763,100,435,0.22988505747126436,335,0.7701149425287356,659,0.9523121387283237,-67,-0.05944986690328305
deepseek-coder-v2-lite-instruct,bigcodebench_instruct,dcpr,1136,1128,8,0,693,0.0,0,435,0.0,435,1.0,693,1.0,0,0.0
deepseek-coder-v2-lite-instruct,bigcodebench_instruct,dcr,1136,1128,8,0,693,0.0,0,435,0.0,435,1.0,693,1.0,0,0.0
deepseek-coder-v2-lite-instruct,bigcodebench_instruct,direct,1136,1128,8,0,693,0.0,0,435,0.0,435,1.0,693,1.0,0,0.0
deepseek-coder-v2-lite-instruct,bigcodebench_instruct,dr,1136,1128,8,0,693,0.0,0,435,0.0,435,1.0,693,1.0,0,0.0
deepseek-coder-v2-lite-instruct,bigcodebench_instruct,r,1136,1128,8,2,693,0.002886002886002886,4,435,0.009195402298850575,431,0.9908045977011494,691,0.9971139971139971,-2,-0.0017730496453900709
deepseek-coder-v2-lite-instruct,bigcodebench_instruct,sc_cpr,1136,642,494,6,391,0.015345268542199489,7,251,0.027888446215139442,244,0.9721115537848606,385,0.9846547314578005,-1,-0.001557632398753894
deepseek-coder-v2-lite-instruct,bigcodebench_instruct,sc_cr,1136,1071,65,7,655,0.010687022900763359,10,416,0.02403846153846154,406,0.9759615384615384,648,0.9893129770992366,-3,-0.0028011204481792717
deepseek-coder-v2-lite-instruct,bigcodebench_instruct,sc_dcpr,1136,1110,26,4,682,0.005865102639296188,7,428,0.016355140186915886,421,0.9836448598130841,678,0.9941348973607038,-3,-0.002702702702702703
deepseek-coder-v2-lite-instruct,bigcodebench_instruct,sc_dcr,1136,1123,13,5,689,0.00725689404934688,7,434,0.016129032258064516,427,0.9838709677419355,684,0.9927431059506531,-2,-0.0017809439002671415
deepseek-coder-v2-lite-instruct,bigcodebench_instruct,sc_dr,1136,1128,8,6,693,0.008658008658008658,6,435,0.013793103448275862,429,0.9862068965517241,687,0.9913419913419913,0,0.0
deepseek-coder-v2-lite-instruct,humaneval_plus,cpr,163,160,3,7,35,0.2,21,125,0.168,104,0.832,28,0.8,-14,-0.0875
deepseek-coder-v2-lite-instruct,humaneval_plus,cr,163,160,3,7,35,0.2,17,125,0.136,108,0.864,28,0.8,-10,-0.0625
deepseek-coder-v2-lite-instruct,humaneval_plus,dcpr,163,162,1,0,36,0.0,0,126,0.0,126,1.0,36,1.0,0,0.0
deepseek-coder-v2-lite-instruct,humaneval_plus,dcr,163,162,1,0,36,0.0,0,126,0.0,126,1.0,36,1.0,0,0.0
deepseek-coder-v2-lite-instruct,humaneval_plus,direct,163,162,1,0,36,0.0,0,126,0.0,126,1.0,36,1.0,0,0.0
deepseek-coder-v2-lite-instruct,humaneval_plus,dr,163,162,1,0,36,0.0,0,126,0.0,126,1.0,36,1.0,0,0.0
deepseek-coder-v2-lite-instruct,humaneval_plus,r,163,162,1,1,36,0.027777777777777776,2,126,0.015873015873015872,124,0.9841269841269841,35,0.9722222222222222,-1,-0.006172839506172839
deepseek-coder-v2-lite-instruct,humaneval_plus,sc_cpr,163,128,35,3,26,0.11538461538461539,6,102,0.058823529411764705,96,0.9411764705882353,23,0.8846153846153846,-3,-0.0234375
deepseek-coder-v2-lite-instruct,humaneval_plus,sc_cr,163,155,8,2,34,0.058823529411764705,2,121,0.01652892561983471,119,0.9834710743801653,32,0.9411764705882353,0,0.0
deepseek-coder-v2-lite-instruct,humaneval_plus,sc_dcpr,163,160,3,0,34,0.0,1,126,0.007936507936507936,125,0.9920634920634921,34,1.0,-1,-0.00625
deepseek-coder-v2-lite-instruct,humaneval_plus,sc_dcr,163,161,2,1,35,0.02857142857142857,1,126,0.007936507936507936,125,0.9920634920634921,34,0.9714285714285714,0,0.0
deepseek-coder-v2-lite-instruct,humaneval_plus,sc_dr,163,162,1,0,36,0.0,0,126,0.0,126,1.0,36,1.0,0,0.0
deepseek-coder-v2-lite-instruct,mbpp_plus,cpr,378,374,4,5,98,0.05102040816326531,57,276,0.20652173913043478,219,0.7934782608695652,93,0.9489795918367347,-52,-0.13903743315508021
deepseek-coder-v2-lite-instruct,mbpp_plus,cr,378,373,5,11,97,0.1134020618556701,52,276,0.18840579710144928,224,0.8115942028985508,86,0.8865979381443299,-41,-0.10991957104557641
deepseek-coder-v2-lite-instruct,mbpp_plus,dcpr,378,374,4,0,98,0.0,0,276,0.0,276,1.0,98,1.0,0,0.0
deepseek-coder-v2-lite-instruct,mbpp_plus,dcr,378,374,4,0,98,0.0,0,276,0.0,276,1.0,98,1.0,0,0.0
deepseek-coder-v2-lite-instruct,mbpp_plus,direct,378,374,4,0,98,0.0,0,276,0.0,276,1.0,98,1.0,0,0.0
deepseek-coder-v2-lite-instruct,mbpp_plus,dr,378,374,4,0,98,0.0,0,276,0.0,276,1.0,98,1.0,0,0.0
deepseek-coder-v2-lite-instruct,mbpp_plus,r,378,374,4,2,98,0.02040816326530612,1,276,0.0036231884057971015,275,0.9963768115942029,96,0.9795918367346939,1,0.00267379679144385
deepseek-coder-v2-lite-instruct,mbpp_plus,sc_cpr,378,365,13,3,96,0.03125,3,269,0.011152416356877323,266,0.9888475836431226,93,0.96875,0,0.0
deepseek-coder-v2-lite-instruct,mbpp_plus,sc_cr,378,374,4,5,98,0.05102040816326531,6,276,0.021739130434782608,270,0.9782608695652174,93,0.9489795918367347,-1,-0.00267379679144385
deepseek-coder-v2-lite-instruct,mbpp_plus,sc_dcpr,378,362,16,2,92,0.021739130434782608,3,270,0.011111111111111112,267,0.9888888888888889,90,0.9782608695652174,-1,-0.0027624309392265192
deepseek-coder-v2-lite-instruct,mbpp_plus,sc_dcr,378,365,13,3,94,0.031914893617021274,3,271,0.01107011070110701,268,0.988929889298893,91,0.9680851063829787,0,0.0
deepseek-coder-v2-lite-instruct,mbpp_plus,sc_dr,378,373,5,2,97,0.020618556701030927,4,276,0.014492753623188406,272,0.9855072463768116,95,0.979381443298969,-2,-0.005361930294906166
devstral-small-2-24b-instruct,bigcodebench_instruct,cpr,1136,1133,3,31,595,0.052100840336134456,139,538,0.258364312267658,399,0.741635687732342,564,0.9478991596638655,-108,-0.09532215357458076
devstral-small-2-24b-instruct,bigcodebench_instruct,cr,1136,1134,2,28,597,0.04690117252931323,109,537,0.20297951582867785,428,0.7970204841713222,569,0.9530988274706867,-81,-0.07142857142857142
devstral-small-2-24b-instruct,bigcodebench_instruct,dcpr,1136,1136,0,4,598,0.006688963210702341,2,538,0.0037174721189591076,536,0.9962825278810409,594,0.9933110367892977,2,0.0017605633802816902
devstral-small-2-24b-instruct,bigcodebench_instruct,dcr,1136,1136,0,2,598,0.0033444816053511705,2,538,0.0037174721189591076,536,0.9962825278810409,596,0.9966555183946488,0,0.0
devstral-small-2-24b-instruct,bigcodebench_instruct,direct,1136,1136,0,0,598,0.0,0,538,0.0,538,1.0,598,1.0,0,0.0
devstral-small-2-24b-instruct,bigcodebench_instruct,dr,1136,1136,0,3,598,0.005016722408026756,1,538,0.0018587360594795538,537,0.9981412639405205,595,0.9949832775919732,2,0.0017605633802816902
devstral-small-2-24b-instruct,bigcodebench_instruct,r,1136,1136,0,8,598,0.013377926421404682,4,538,0.007434944237918215,534,0.9925650557620818,590,0.9866220735785953,4,0.0035211267605633804
devstral-small-2-24b-instruct,bigcodebench_instruct,sc_cpr,1136,1136,0,12,598,0.020066889632107024,9,538,0.016728624535315983,529,0.983271375464684,586,0.979933110367893,3,0.002640845070422535
devstral-small-2-24b-instruct,bigcodebench_instruct,sc_cr,1136,1136,0,13,598,0.021739130434782608,7,538,0.013011152416356878,531,0.9869888475836431,585,0.9782608695652174,6,0.00528169014084507
devstral-small-2-24b-instruct,bigcodebench_instruct,sc_dcpr,1136,1135,1,15,597,0.02512562814070352,15,538,0.027881040892193308,523,0.9721189591078067,582,0.9748743718592965,0,0.0
devstral-small-2-24b-instruct,bigcodebench_instruct,sc_dcr,1136,1136,0,12,598,0.020066889632107024,8,538,0.01486988847583643,530,0.9851301115241635,586,0.979933110367893,4,0.0035211267605633804
devstral-small-2-24b-instruct,bigcodebench_instruct,sc_dr,1136,1136,0,9,598,0.015050167224080268,5,538,0.00929368029739777,533,0.9907063197026023,589,0.9849498327759197,4,0.0035211267605633804
devstral-small-2-24b-instruct,humaneval_plus,cpr,163,161,2,7,23,0.30434782608695654,11,138,0.07971014492753623,127,0.9202898550724637,16,0.6956521739130435,-4,-0.024844720496894408
devstral-small-2-24b-instruct,humaneval_plus,cr,163,160,3,7,22,0.3181818181818182,9,138,0.06521739130434782,129,0.9347826086956522,15,0.6818181818181818,-2,-0.0125
devstral-small-2-24b-instruct,humaneval_plus,dcpr,163,161,2,2,23,0.08695652173913043,1,138,0.007246376811594203,137,0.9927536231884058,21,0.9130434782608695,1,0.006211180124223602
devstral-small-2-24b-instruct,humaneval_plus,dcr,163,160,3,2,22,0.09090909090909091,0,138,0.0,138,1.0,20,0.9090909090909091,2,0.0125
devstral-small-2-24b-instruct,humaneval_plus,direct,163,161,2,0,23,0.0,0,138,0.0,138,1.0,23,1.0,0,0.0
devstral-small-2-24b-instruct,humaneval_plus,dr,163,160,3,0,22,0.0,0,138,0.0,138,1.0,22,1.0,0,0.0
devstral-small-2-24b-instruct,humaneval_plus,r,163,160,3,3,22,0.13636363636363635,0,138,0.0,138,1.0,19,0.8636363636363636,3,0.01875
devstral-small-2-24b-instruct,humaneval_plus,sc_cpr,163,161,2,3,23,0.13043478260869565,0,138,0.0,138,1.0,20,0.8695652173913043,3,0.018633540372670808
devstral-small-2-24b-instruct,humaneval_plus,sc_cr,163,161,2,3,23,0.13043478260869565,0,138,0.0,138,1.0,20,0.8695652173913043,3,0.018633540372670808
devstral-small-2-24b-instruct,humaneval_plus,sc_dcpr,163,158,5,4,22,0.18181818181818182,3,136,0.022058823529411766,133,0.9779411764705882,18,0.8181818181818182,1,0.006329113924050633
devstral-small-2-24b-instruct,humaneval_plus,sc_dcr,163,161,2,3,23,0.13043478260869565,0,138,0.0,138,1.0,20,0.8695652173913043,3,0.018633540372670808
devstral-small-2-24b-instruct,humaneval_plus,sc_dr,163,161,2,2,23,0.08695652173913043,1,138,0.007246376811594203,137,0.9927536231884058,21,0.9130434782608695,1,0.006211180124223602
devstral-small-2-24b-instruct,mbpp_plus,cpr,378,374,4,11,110,0.1,22,264,0.08333333333333333,242,0.9166666666666666,99,0.9,-11,-0.029411764705882353
devstral-small-2-24b-instruct,mbpp_plus,cr,378,374,4,12,110,0.10909090909090909,14,264,0.05303030303030303,250,0.946969696969697,98,0.8909090909090909,-2,-0.0053475935828877
devstral-small-2-24b-instruct,mbpp_plus,dcpr,378,374,4,4,110,0.03636363636363636,2,264,0.007575757575757576,262,0.9924242424242424,106,0.9636363636363636,2,0.0053475935828877
devstral-small-2-24b-instruct,mbpp_plus,dcr,378,374,4,4,110,0.03636363636363636,1,264,0.003787878787878788,263,0.9962121212121212,106,0.9636363636363636,3,0.008021390374331552
devstral-small-2-24b-instruct,mbpp_plus,direct,378,375,3,0,111,0.0,0,264,0.0,264,1.0,111,1.0,0,0.0
devstral-small-2-24b-instruct,mbpp_plus,dr,378,375,3,0,111,0.0,0,264,0.0,264,1.0,111,1.0,0,0.0
devstral-small-2-24b-instruct,mbpp_plus,r,378,375,3,1,111,0.009009009009009009,0,264,0.0,264,1.0,110,0.990990990990991,1,0.0026666666666666666
devstral-small-2-24b-instruct,mbpp_plus,sc_cpr,378,375,3,3,111,0.02702702702702703,3,264,0.011363636363636364,261,0.9886363636363636,108,0.972972972972973,0,0.0
devstral-small-2-24b-instruct,mbpp_plus,sc_cr,378,375,3,3,111,0.02702702702702703,2,264,0.007575757575757576,262,0.9924242424242424,108,0.972972972972973,1,0.0026666666666666666
devstral-small-2-24b-instruct,mbpp_plus,sc_dcpr,378,373,5,9,110,0.08181818181818182,8,263,0.030418250950570342,255,0.9695817490494296,101,0.9181818181818182,1,0.002680965147453083
devstral-small-2-24b-instruct,mbpp_plus,sc_dcr,378,375,3,5,111,0.04504504504504504,6,264,0.022727272727272728,258,0.9772727272727273,106,0.954954954954955,-1,-0.0026666666666666666
devstral-small-2-24b-instruct,mbpp_plus,sc_dr,378,375,3,5,111,0.04504504504504504,3,264,0.011363636363636364,261,0.9886363636363636,106,0.954954954954955,2,0.005333333333333333
gemma-4-31b-it-qat-w4a16,bigcodebench_instruct,cpr,1136,1136,0,14,567,0.024691358024691357,26,569,0.04569420035149385,543,0.9543057996485061,553,0.9753086419753086,-12,-0.01056338028169014
gemma-4-31b-it-qat-w4a16,bigcodebench_instruct,cr,1136,1136,0,14,567,0.024691358024691357,23,569,0.040421792618629174,546,0.9595782073813708,553,0.9753086419753086,-9,-0.007922535211267605
gemma-4-31b-it-qat-w4a16,bigcodebench_instruct,dcpr,1136,1136,0,6,567,0.010582010582010581,15,569,0.026362038664323375,554,0.9736379613356766,561,0.9894179894179894,-9,-0.007922535211267605
gemma-4-31b-it-qat-w4a16,bigcodebench_instruct,dcr,1136,1136,0,8,567,0.014109347442680775,14,569,0.02460456942003515,555,0.9753954305799648,559,0.9858906525573192,-6,-0.00528169014084507
gemma-4-31b-it-qat-w4a16,bigcodebench_instruct,direct,1136,1136,0,0,567,0.0,0,569,0.0,569,1.0,567,1.0,0,0.0
gemma-4-31b-it-qat-w4a16,bigcodebench_instruct,dr,1136,1136,0,2,567,0.003527336860670194,2,569,0.0035149384885764497,567,0.9964850615114236,565,0.9964726631393298,0,0.0
gemma-4-31b-it-qat-w4a16,bigcodebench_instruct,r,1136,1136,0,9,567,0.015873015873015872,4,569,0.007029876977152899,565,0.9929701230228472,558,0.9841269841269841,5,0.0044014084507042256
gemma-4-31b-it-qat-w4a16,bigcodebench_instruct,sc_cpr,1136,1135,1,11,566,0.019434628975265017,8,569,0.014059753954305799,561,0.9859402460456942,555,0.980565371024735,3,0.0026431718061674008
gemma-4-31b-it-qat-w4a16,bigcodebench_instruct,sc_cr,1136,1135,1,11,566,0.019434628975265017,10,569,0.01757469244288225,559,0.9824253075571178,555,0.980565371024735,1,0.000881057268722467
gemma-4-31b-it-qat-w4a16,bigcodebench_instruct,sc_dcpr,1136,1135,1,9,566,0.015901060070671377,4,569,0.007029876977152899,565,0.9929701230228472,557,0.9840989399293286,5,0.004405286343612335
gemma-4-31b-it-qat-w4a16,bigcodebench_instruct,sc_dcr,1136,1136,0,7,567,0.012345679012345678,6,569,0.01054481546572935,563,0.9894551845342706,560,0.9876543209876543,1,0.0008802816901408451
gemma-4-31b-it-qat-w4a16,bigcodebench_instruct,sc_dr,1136,1136,0,6,567,0.010582010582010581,3,569,0.005272407732864675,566,0.9947275922671354,561,0.9894179894179894,3,0.002640845070422535
gemma-4-31b-it-qat-w4a16,humaneval_plus,cpr,163,161,2,0,5,0.0,5,156,0.03205128205128205,151,0.967948717948718,5,1.0,-5,-0.031055900621118012
gemma-4-31b-it-qat-w4a16,humaneval_plus,cr,163,161,2,0,5,0.0,5,156,0.03205128205128205,151,0.967948717948718,5,1.0,-5,-0.031055900621118012
gemma-4-31b-it-qat-w4a16,humaneval_plus,dcpr,163,161,2,0,5,0.0,2,156,0.01282051282051282,154,0.9871794871794872,5,1.0,-2,-0.012422360248447204
gemma-4-31b-it-qat-w4a16,humaneval_plus,dcr,163,161,2,0,5,0.0,2,156,0.01282051282051282,154,0.9871794871794872,5,1.0,-2,-0.012422360248447204
gemma-4-31b-it-qat-w4a16,humaneval_plus,direct,163,161,2,0,5,0.0,0,156,0.0,156,1.0,5,1.0,0,0.0
gemma-4-31b-it-qat-w4a16,humaneval_plus,dr,163,161,2,0,5,0.0,0,156,0.0,156,1.0,5,1.0,0,0.0
gemma-4-31b-it-qat-w4a16,humaneval_plus,r,163,161,2,0,5,0.0,1,156,0.00641025641025641,155,0.9935897435897436,5,1.0,-1,-0.006211180124223602
gemma-4-31b-it-qat-w4a16,humaneval_plus,sc_cpr,163,161,2,0,5,0.0,1,156,0.00641025641025641,155,0.9935897435897436,5,1.0,-1,-0.006211180124223602
gemma-4-31b-it-qat-w4a16,humaneval_plus,sc_cr,163,161,2,0,5,0.0,1,156,0.00641025641025641,155,0.9935897435897436,5,1.0,-1,-0.006211180124223602
gemma-4-31b-it-qat-w4a16,humaneval_plus,sc_dcpr,163,160,3,0,5,0.0,0,155,0.0,155,1.0,5,1.0,0,0.0
gemma-4-31b-it-qat-w4a16,humaneval_plus,sc_dcr,163,160,3,0,5,0.0,0,155,0.0,155,1.0,5,1.0,0,0.0
gemma-4-31b-it-qat-w4a16,humaneval_plus,sc_dr,163,160,3,0,5,0.0,0,155,0.0,155,1.0,5,1.0,0,0.0
gemma-4-31b-it-qat-w4a16,mbpp_plus,cpr,378,374,4,8,72,0.1111111111111111,6,302,0.019867549668874173,296,0.9801324503311258,64,0.8888888888888888,2,0.0053475935828877
gemma-4-31b-it-qat-w4a16,mbpp_plus,cr,378,373,5,8,71,0.11267605633802817,5,302,0.016556291390728478,297,0.9834437086092715,63,0.8873239436619719,3,0.00804289544235925
gemma-4-31b-it-qat-w4a16,mbpp_plus,dcpr,378,375,3,5,72,0.06944444444444445,1,303,0.0033003300330033004,302,0.9966996699669967,67,0.9305555555555556,4,0.010666666666666666
gemma-4-31b-it-qat-w4a16,mbpp_plus,dcr,378,374,4,5,71,0.07042253521126761,1,303,0.0033003300330033004,302,0.9966996699669967,66,0.9295774647887324,4,0.0106951871657754
gemma-4-31b-it-qat-w4a16,mbpp_plus,direct,378,375,3,0,72,0.0,0,303,0.0,303,1.0,72,1.0,0,0.0
gemma-4-31b-it-qat-w4a16,mbpp_plus,dr,378,375,3,4,72,0.05555555555555555,0,303,0.0,303,1.0,68,0.9444444444444444,4,0.010666666666666666
gemma-4-31b-it-qat-w4a16,mbpp_plus,r,378,375,3,4,72,0.05555555555555555,0,303,0.0,303,1.0,68,0.9444444444444444,4,0.010666666666666666
gemma-4-31b-it-qat-w4a16,mbpp_plus,sc_cpr,378,375,3,5,72,0.06944444444444445,1,303,0.0033003300330033004,302,0.9966996699669967,67,0.9305555555555556,4,0.010666666666666666
gemma-4-31b-it-qat-w4a16,mbpp_plus,sc_cr,378,374,4,5,72,0.06944444444444445,0,302,0.0,302,1.0,67,0.9305555555555556,5,0.013368983957219251
gemma-4-31b-it-qat-w4a16,mbpp_plus,sc_dcpr,378,374,4,5,72,0.06944444444444445,0,302,0.0,302,1.0,67,0.9305555555555556,5,0.013368983957219251
gemma-4-31b-it-qat-w4a16,mbpp_plus,sc_dcr,378,375,3,4,72,0.05555555555555555,0,303,0.0,303,1.0,68,0.9444444444444444,4,0.010666666666666666
gemma-4-31b-it-qat-w4a16,mbpp_plus,sc_dr,378,375,3,6,72,0.08333333333333333,0,303,0.0,303,1.0,66,0.9166666666666666,6,0.016
qwen2.5-coder-14b-instruct,bigcodebench_instruct,cpr,1136,1135,1,11,577,0.019064124783362217,16,558,0.02867383512544803,542,0.9713261648745519,566,0.9809358752166378,-5,-0.004405286343612335
qwen2.5-coder-14b-instruct,bigcodebench_instruct,cr,1136,1136,0,13,578,0.02249134948096886,18,558,0.03225806451612903,540,0.967741935483871,565,0.9775086505190311,-5,-0.0044014084507042256
qwen2.5-coder-14b-instruct,bigcodebench_instruct,dcpr,1136,1136,0,7,578,0.012110726643598616,3,558,0.005376344086021506,555,0.9946236559139785,571,0.9878892733564014,4,0.0035211267605633804
qwen2.5-coder-14b-instruct,bigcodebench_instruct,dcr,1136,1136,0,7,578,0.012110726643598616,3,558,0.005376344086021506,555,0.9946236559139785,571,0.9878892733564014,4,0.0035211267605633804
qwen2.5-coder-14b-instruct,bigcodebench_instruct,direct,1136,1136,0,0,578,0.0,0,558,0.0,558,1.0,578,1.0,0,0.0
qwen2.5-coder-14b-instruct,bigcodebench_instruct,dr,1136,1136,0,2,578,0.0034602076124567475,1,558,0.0017921146953405018,557,0.9982078853046595,576,0.9965397923875432,1,0.0008802816901408451
qwen2.5-coder-14b-instruct,bigcodebench_instruct,r,1136,1136,0,4,578,0.006920415224913495,3,558,0.005376344086021506,555,0.9946236559139785,574,0.9930795847750865,1,0.0008802816901408451
qwen2.5-coder-14b-instruct,bigcodebench_instruct,sc_cpr,1136,1136,0,7,578,0.012110726643598616,4,558,0.007168458781362007,554,0.992831541218638,571,0.9878892733564014,3,0.002640845070422535
qwen2.5-coder-14b-instruct,bigcodebench_instruct,sc_cr,1136,1136,0,7,578,0.012110726643598616,4,558,0.007168458781362007,554,0.992831541218638,571,0.9878892733564014,3,0.002640845070422535
qwen2.5-coder-14b-instruct,bigcodebench_instruct,sc_dcpr,1136,1136,0,3,578,0.005190311418685121,1,558,0.0017921146953405018,557,0.9982078853046595,575,0.9948096885813149,2,0.0017605633802816902
qwen2.5-coder-14b-instruct,bigcodebench_instruct,sc_dcr,1136,1136,0,4,578,0.006920415224913495,1,558,0.0017921146953405018,557,0.9982078853046595,574,0.9930795847750865,3,0.002640845070422535
qwen2.5-coder-14b-instruct,bigcodebench_instruct,sc_dr,1136,1136,0,3,578,0.005190311418685121,1,558,0.0017921146953405018,557,0.9982078853046595,575,0.9948096885813149,2,0.0017605633802816902
qwen2.5-coder-14b-instruct,humaneval_plus,cpr,163,161,2,3,19,0.15789473684210525,4,142,0.028169014084507043,138,0.971830985915493,16,0.8421052631578947,-1,-0.006211180124223602
qwen2.5-coder-14b-instruct,humaneval_plus,cr,163,161,2,2,19,0.10526315789473684,5,142,0.035211267605633804,137,0.9647887323943662,17,0.8947368421052632,-3,-0.018633540372670808
qwen2.5-coder-14b-instruct,humaneval_plus,dcpr,163,161,2,3,19,0.15789473684210525,0,142,0.0,142,1.0,16,0.8421052631578947,3,0.018633540372670808
qwen2.5-coder-14b-instruct,humaneval_plus,dcr,163,161,2,2,19,0.10526315789473684,0,142,0.0,142,1.0,17,0.8947368421052632,2,0.012422360248447204
qwen2.5-coder-14b-instruct,humaneval_plus,direct,163,161,2,0,19,0.0,0,142,0.0,142,1.0,19,1.0,0,0.0
qwen2.5-coder-14b-instruct,humaneval_plus,dr,163,161,2,1,19,0.05263157894736842,0,142,0.0,142,1.0,18,0.9473684210526315,1,0.006211180124223602
qwen2.5-coder-14b-instruct,humaneval_plus,r,163,161,2,1,19,0.05263157894736842,1,142,0.007042253521126761,141,0.9929577464788732,18,0.9473684210526315,0,0.0
qwen2.5-coder-14b-instruct,humaneval_plus,sc_cpr,163,161,2,2,19,0.10526315789473684,1,142,0.007042253521126761,141,0.9929577464788732,17,0.8947368421052632,1,0.006211180124223602
qwen2.5-coder-14b-instruct,humaneval_plus,sc_cr,163,161,2,0,19,0.0,1,142,0.007042253521126761,141,0.9929577464788732,19,1.0,-1,-0.006211180124223602
qwen2.5-coder-14b-instruct,humaneval_plus,sc_dcpr,163,161,2,2,19,0.10526315789473684,1,142,0.007042253521126761,141,0.9929577464788732,17,0.8947368421052632,1,0.006211180124223602
qwen2.5-coder-14b-instruct,humaneval_plus,sc_dcr,163,161,2,2,19,0.10526315789473684,1,142,0.007042253521126761,141,0.9929577464788732,17,0.8947368421052632,1,0.006211180124223602
qwen2.5-coder-14b-instruct,humaneval_plus,sc_dr,163,161,2,2,19,0.10526315789473684,0,142,0.0,142,1.0,17,0.8947368421052632,2,0.012422360248447204
qwen2.5-coder-14b-instruct,mbpp_plus,cpr,378,377,1,9,90,0.1,8,287,0.027874564459930314,279,0.9721254355400697,81,0.9,1,0.002652519893899204
qwen2.5-coder-14b-instruct,mbpp_plus,cr,378,377,1,11,90,0.12222222222222222,8,287,0.027874564459930314,279,0.9721254355400697,79,0.8777777777777778,3,0.007957559681697613
qwen2.5-coder-14b-instruct,mbpp_plus,dcpr,378,377,1,9,90,0.1,2,287,0.006968641114982578,285,0.9930313588850174,81,0.9,7,0.01856763925729443
qwen2.5-coder-14b-instruct,mbpp_plus,dcr,378,377,1,11,90,0.12222222222222222,2,287,0.006968641114982578,285,0.9930313588850174,79,0.8777777777777778,9,0.023872679045092837
qwen2.5-coder-14b-instruct,mbpp_plus,direct,378,377,1,0,90,0.0,0,287,0.0,287,1.0,90,1.0,0,0.0
qwen2.5-coder-14b-instruct,mbpp_plus,dr,378,377,1,3,90,0.03333333333333333,0,287,0.0,287,1.0,87,0.9666666666666667,3,0.007957559681697613
qwen2.5-coder-14b-instruct,mbpp_plus,r,378,377,1,3,90,0.03333333333333333,0,287,0.0,287,1.0,87,0.9666666666666667,3,0.007957559681697613
qwen2.5-coder-14b-instruct,mbpp_plus,sc_cpr,378,377,1,8,90,0.08888888888888889,2,287,0.006968641114982578,285,0.9930313588850174,82,0.9111111111111111,6,0.015915119363395226
qwen2.5-coder-14b-instruct,mbpp_plus,sc_cr,378,377,1,9,90,0.1,2,287,0.006968641114982578,285,0.9930313588850174,81,0.9,7,0.01856763925729443
qwen2.5-coder-14b-instruct,mbpp_plus,sc_dcpr,378,377,1,5,90,0.05555555555555555,0,287,0.0,287,1.0,85,0.9444444444444444,5,0.013262599469496022
qwen2.5-coder-14b-instruct,mbpp_plus,sc_dcr,378,377,1,3,90,0.03333333333333333,1,287,0.003484320557491289,286,0.9965156794425087,87,0.9666666666666667,2,0.005305039787798408
qwen2.5-coder-14b-instruct,mbpp_plus,sc_dr,378,377,1,4,90,0.044444444444444446,0,287,0.0,287,1.0,86,0.9555555555555556,4,0.010610079575596816
qwen2.5-coder-7b-instruct,bigcodebench_instruct,cpr,1136,1136,0,21,670,0.03134328358208955,17,466,0.03648068669527897,449,0.9635193133047211,649,0.9686567164179104,4,0.0035211267605633804
qwen2.5-coder-7b-instruct,bigcodebench_instruct,cr,1136,1127,9,25,665,0.03759398496240601,15,462,0.032467532467532464,447,0.9675324675324676,640,0.9624060150375939,10,0.008873114463176575
qwen2.5-coder-7b-instruct,bigcodebench_instruct,dcpr,1136,1136,0,9,670,0.013432835820895522,4,466,0.008583690987124463,462,0.9914163090128756,661,0.9865671641791045,5,0.0044014084507042256
qwen2.5-coder-7b-instruct,bigcodebench_instruct,dcr,1136,1136,0,11,670,0.016417910447761194,5,466,0.01072961373390558,461,0.9892703862660944,659,0.9835820895522388,6,0.00528169014084507
qwen2.5-coder-7b-instruct,bigcodebench_instruct,direct,1136,1136,0,0,670,0.0,0,466,0.0,466,1.0,670,1.0,0,0.0
qwen2.5-coder-7b-instruct,bigcodebench_instruct,dr,1136,1136,0,5,670,0.007462686567164179,0,466,0.0,466,1.0,665,0.9925373134328358,5,0.0044014084507042256
qwen2.5-coder-7b-instruct,bigcodebench_instruct,r,1136,1136,0,12,670,0.01791044776119403,1,466,0.002145922746781116,465,0.9978540772532188,658,0.982089552238806,11,0.009683098591549295
qwen2.5-coder-7b-instruct,bigcodebench_instruct,sc_cpr,1136,1136,0,12,670,0.01791044776119403,1,466,0.002145922746781116,465,0.9978540772532188,658,0.982089552238806,11,0.009683098591549295
qwen2.5-coder-7b-instruct,bigcodebench_instruct,sc_cr,1136,1136,0,14,670,0.020895522388059702,5,466,0.01072961373390558,461,0.9892703862660944,656,0.9791044776119403,9,0.007922535211267605
qwen2.5-coder-7b-instruct,bigcodebench_instruct,sc_dcpr,1136,1135,1,16,670,0.023880597014925373,10,465,0.021505376344086023,455,0.978494623655914,654,0.9761194029850746,6,0.0052863436123348016
qwen2.5-coder-7b-instruct,bigcodebench_instruct,sc_dcr,1136,1136,0,11,670,0.016417910447761194,2,466,0.004291845493562232,464,0.9957081545064378,659,0.9835820895522388,9,0.007922535211267605
qwen2.5-coder-7b-instruct,bigcodebench_instruct,sc_dr,1136,1136,0,12,670,0.01791044776119403,4,466,0.008583690987124463,462,0.9914163090128756,658,0.982089552238806,8,0.007042253521126761
qwen2.5-coder-7b-instruct,humaneval_plus,cpr,163,161,2,2,21,0.09523809523809523,7,140,0.05,133,0.95,19,0.9047619047619048,-5,-0.031055900621118012
qwen2.5-coder-7b-instruct,humaneval_plus,cr,163,161,2,3,21,0.14285714285714285,8,140,0.05714285714285714,132,0.9428571428571428,18,0.8571428571428571,-5,-0.031055900621118012
qwen2.5-coder-7b-instruct,humaneval_plus,dcpr,163,161,2,2,21,0.09523809523809523,2,140,0.014285714285714285,138,0.9857142857142858,19,0.9047619047619048,0,0.0
qwen2.5-coder-7b-instruct,humaneval_plus,dcr,163,161,2,2,21,0.09523809523809523,2,140,0.014285714285714285,138,0.9857142857142858,19,0.9047619047619048,0,0.0
qwen2.5-coder-7b-instruct,humaneval_plus,direct,163,161,2,0,21,0.0,0,140,0.0,140,1.0,21,1.0,0,0.0
qwen2.5-coder-7b-instruct,humaneval_plus,dr,163,161,2,1,21,0.047619047619047616,0,140,0.0,140,1.0,20,0.9523809523809523,1,0.006211180124223602
qwen2.5-coder-7b-instruct,humaneval_plus,r,163,161,2,1,21,0.047619047619047616,1,140,0.007142857142857143,139,0.9928571428571429,20,0.9523809523809523,0,0.0
qwen2.5-coder-7b-instruct,humaneval_plus,sc_cpr,163,161,2,1,21,0.047619047619047616,2,140,0.014285714285714285,138,0.9857142857142858,20,0.9523809523809523,-1,-0.006211180124223602
qwen2.5-coder-7b-instruct,humaneval_plus,sc_cr,163,161,2,1,21,0.047619047619047616,2,140,0.014285714285714285,138,0.9857142857142858,20,0.9523809523809523,-1,-0.006211180124223602
qwen2.5-coder-7b-instruct,humaneval_plus,sc_dcpr,163,161,2,2,21,0.09523809523809523,2,140,0.014285714285714285,138,0.9857142857142858,19,0.9047619047619048,0,0.0
qwen2.5-coder-7b-instruct,humaneval_plus,sc_dcr,163,160,3,1,21,0.047619047619047616,0,139,0.0,139,1.0,20,0.9523809523809523,1,0.00625
qwen2.5-coder-7b-instruct,humaneval_plus,sc_dr,163,161,2,1,21,0.047619047619047616,0,140,0.0,140,1.0,20,0.9523809523809523,1,0.006211180124223602
qwen2.5-coder-7b-instruct,mbpp_plus,cpr,378,374,4,5,96,0.052083333333333336,8,278,0.02877697841726619,270,0.9712230215827338,91,0.9479166666666666,-3,-0.008021390374331552
qwen2.5-coder-7b-instruct,mbpp_plus,cr,378,374,4,5,96,0.052083333333333336,6,278,0.02158273381294964,272,0.9784172661870504,91,0.9479166666666666,-1,-0.00267379679144385
qwen2.5-coder-7b-instruct,mbpp_plus,dcpr,378,375,3,5,97,0.05154639175257732,3,278,0.01079136690647482,275,0.9892086330935251,92,0.9484536082474226,2,0.005333333333333333
qwen2.5-coder-7b-instruct,mbpp_plus,dcr,378,375,3,5,97,0.05154639175257732,3,278,0.01079136690647482,275,0.9892086330935251,92,0.9484536082474226,2,0.005333333333333333
qwen2.5-coder-7b-instruct,mbpp_plus,direct,378,375,3,0,97,0.0,0,278,0.0,278,1.0,97,1.0,0,0.0
qwen2.5-coder-7b-instruct,mbpp_plus,dr,378,375,3,1,97,0.010309278350515464,0,278,0.0,278,1.0,96,0.9896907216494846,1,0.0026666666666666666
qwen2.5-coder-7b-instruct,mbpp_plus,r,378,375,3,1,97,0.010309278350515464,0,278,0.0,278,1.0,96,0.9896907216494846,1,0.0026666666666666666
qwen2.5-coder-7b-instruct,mbpp_plus,sc_cpr,378,375,3,1,97,0.010309278350515464,2,278,0.007194244604316547,276,0.9928057553956835,96,0.9896907216494846,-1,-0.0026666666666666666
qwen2.5-coder-7b-instruct,mbpp_plus,sc_cr,378,375,3,1,97,0.010309278350515464,2,278,0.007194244604316547,276,0.9928057553956835,96,0.9896907216494846,-1,-0.0026666666666666666
qwen2.5-coder-7b-instruct,mbpp_plus,sc_dcpr,378,373,5,4,95,0.042105263157894736,5,278,0.017985611510791366,273,0.9820143884892086,91,0.9578947368421052,-1,-0.002680965147453083
qwen2.5-coder-7b-instruct,mbpp_plus,sc_dcr,378,374,4,3,96,0.03125,1,278,0.0035971223021582736,277,0.9964028776978417,93,0.96875,2,0.0053475935828877
qwen2.5-coder-7b-instruct,mbpp_plus,sc_dr,378,375,3,2,97,0.020618556701030927,1,278,0.0035971223021582736,277,0.9964028776978417,95,0.979381443298969,1,0.0026666666666666666
qwen3-coder-30b-a3b-instruct-fp8,bigcodebench_instruct,cpr,1136,1134,2,32,572,0.055944055944055944,196,562,0.3487544483985765,366,0.6512455516014235,540,0.9440559440559441,-164,-0.14462081128747795
qwen3-coder-30b-a3b-instruct-fp8,bigcodebench_instruct,cr,1136,1133,3,26,571,0.04553415061295972,159,562,0.28291814946619215,403,0.7170818505338078,545,0.9544658493870403,-133,-0.11738746690203
qwen3-coder-30b-a3b-instruct-fp8,bigcodebench_instruct,dcpr,1136,1134,2,15,572,0.026223776223776224,33,562,0.05871886120996441,529,0.9412811387900356,557,0.9737762237762237,-18,-0.015873015873015872
qwen3-coder-30b-a3b-instruct-fp8,bigcodebench_instruct,dcr,1136,1133,3,10,571,0.017513134851138354,27,562,0.04804270462633452,535,0.9519572953736655,561,0.9824868651488616,-17,-0.01500441306266549
qwen3-coder-30b-a3b-instruct-fp8,bigcodebench_instruct,direct,1136,1135,1,0,573,0.0,0,562,0.0,562,1.0,573,1.0,0,0.0
qwen3-coder-30b-a3b-instruct-fp8,bigcodebench_instruct,dr,1136,1135,1,3,573,0.005235602094240838,0,562,0.0,562,1.0,570,0.9947643979057592,3,0.0026431718061674008
qwen3-coder-30b-a3b-instruct-fp8,bigcodebench_instruct,r,1136,1135,1,4,573,0.006980802792321117,0,562,0.0,562,1.0,569,0.9930191972076788,4,0.003524229074889868
qwen3-coder-30b-a3b-instruct-fp8,bigcodebench_instruct,sc_cpr,1136,1134,2,7,573,0.012216404886561954,5,561,0.008912655971479501,556,0.9910873440285205,566,0.987783595113438,2,0.001763668430335097
qwen3-coder-30b-a3b-instruct-fp8,bigcodebench_instruct,sc_cr,1136,1135,1,3,573,0.005235602094240838,1,562,0.0017793594306049821,561,0.998220640569395,570,0.9947643979057592,2,0.001762114537444934
qwen3-coder-30b-a3b-instruct-fp8,bigcodebench_instruct,sc_dcpr,1136,1128,8,12,571,0.021015761821366025,19,557,0.03411131059245961,538,0.9658886894075404,559,0.978984238178634,-7,-0.0062056737588652485
qwen3-coder-30b-a3b-instruct-fp8,bigcodebench_instruct,sc_dcr,1136,1135,1,4,573,0.006980802792321117,4,562,0.0071174377224199285,558,0.9928825622775801,569,0.9930191972076788,0,0.0
qwen3-coder-30b-a3b-instruct-fp8,bigcodebench_instruct,sc_dr,1136,1135,1,3,573,0.005235602094240838,4,562,0.0071174377224199285,558,0.9928825622775801,570,0.9947643979057592,-1,-0.000881057268722467
qwen3-coder-30b-a3b-instruct-fp8,humaneval_plus,cpr,163,158,5,6,20,0.3,17,138,0.12318840579710146,121,0.8768115942028986,14,0.7,-11,-0.06962025316455696
qwen3-coder-30b-a3b-instruct-fp8,humaneval_plus,cr,163,158,5,7,20,0.35,12,138,0.08695652173913043,126,0.9130434782608695,13,0.65,-5,-0.03164556962025317
qwen3-coder-30b-a3b-instruct-fp8,humaneval_plus,dcpr,163,158,5,1,20,0.05,3,138,0.021739130434782608,135,0.9782608695652174,19,0.95,-2,-0.012658227848101266
qwen3-coder-30b-a3b-instruct-fp8,humaneval_plus,dcr,163,158,5,1,20,0.05,3,138,0.021739130434782608,135,0.9782608695652174,19,0.95,-2,-0.012658227848101266
qwen3-coder-30b-a3b-instruct-fp8,humaneval_plus,direct,163,159,4,0,21,0.0,0,138,0.0,138,1.0,21,1.0,0,0.0
qwen3-coder-30b-a3b-instruct-fp8,humaneval_plus,dr,163,158,5,0,20,0.0,0,138,0.0,138,1.0,20,1.0,0,0.0
qwen3-coder-30b-a3b-instruct-fp8,humaneval_plus,r,163,158,5,0,20,0.0,0,138,0.0,138,1.0,20,1.0,0,0.0
qwen3-coder-30b-a3b-instruct-fp8,humaneval_plus,sc_cpr,163,153,10,5,20,0.25,2,133,0.015037593984962405,131,0.9849624060150376,15,0.75,3,0.0196078431372549
qwen3-coder-30b-a3b-instruct-fp8,humaneval_plus,sc_cr,163,158,5,1,20,0.05,0,138,0.0,138,1.0,19,0.95,1,0.006329113924050633
qwen3-coder-30b-a3b-instruct-fp8,humaneval_plus,sc_dcpr,163,158,5,1,20,0.05,2,138,0.014492753623188406,136,0.9855072463768116,19,0.95,-1,-0.006329113924050633
qwen3-coder-30b-a3b-instruct-fp8,humaneval_plus,sc_dcr,163,156,7,0,20,0.0,0,136,0.0,136,1.0,20,1.0,0,0.0
qwen3-coder-30b-a3b-instruct-fp8,humaneval_plus,sc_dr,163,158,5,0,20,0.0,0,138,0.0,138,1.0,20,1.0,0,0.0
qwen3-coder-30b-a3b-instruct-fp8,mbpp_plus,cpr,378,375,3,9,88,0.10227272727272728,51,287,0.17770034843205576,236,0.8222996515679443,79,0.8977272727272727,-42,-0.112
qwen3-coder-30b-a3b-instruct-fp8,mbpp_plus,cr,378,374,4,10,87,0.11494252873563218,45,287,0.156794425087108,242,0.8432055749128919,77,0.8850574712643678,-35,-0.09358288770053476
qwen3-coder-30b-a3b-instruct-fp8,mbpp_plus,dcpr,378,376,2,1,89,0.011235955056179775,6,287,0.020905923344947737,281,0.9790940766550522,88,0.9887640449438202,-5,-0.013297872340425532
qwen3-coder-30b-a3b-instruct-fp8,mbpp_plus,dcr,378,375,3,3,88,0.03409090909090909,5,287,0.017421602787456445,282,0.9825783972125436,85,0.9659090909090909,-2,-0.005333333333333333
qwen3-coder-30b-a3b-instruct-fp8,mbpp_plus,direct,378,377,1,0,90,0.0,0,287,0.0,287,1.0,90,1.0,0,0.0
qwen3-coder-30b-a3b-instruct-fp8,mbpp_plus,dr,378,377,1,0,90,0.0,0,287,0.0,287,1.0,90,1.0,0,0.0
qwen3-coder-30b-a3b-instruct-fp8,mbpp_plus,r,378,377,1,0,90,0.0,0,287,0.0,287,1.0,90,1.0,0,0.0
qwen3-coder-30b-a3b-instruct-fp8,mbpp_plus,sc_cpr,378,370,8,5,88,0.056818181818181816,7,282,0.024822695035460994,275,0.975177304964539,83,0.9431818181818182,-2,-0.005405405405405406
qwen3-coder-30b-a3b-instruct-fp8,mbpp_plus,sc_cr,378,374,4,1,89,0.011235955056179775,2,285,0.007017543859649123,283,0.9929824561403509,88,0.9887640449438202,-1,-0.00267379679144385
qwen3-coder-30b-a3b-instruct-fp8,mbpp_plus,sc_dcpr,378,376,2,3,89,0.033707865168539325,6,287,0.020905923344947737,281,0.9790940766550522,86,0.9662921348314607,-3,-0.007978723404255319
qwen3-coder-30b-a3b-instruct-fp8,mbpp_plus,sc_dcr,378,367,11,0,85,0.0,4,282,0.014184397163120567,278,0.9858156028368794,85,1.0,-4,-0.010899182561307902
qwen3-coder-30b-a3b-instruct-fp8,mbpp_plus,sc_dr,378,375,3,1,88,0.011363636363636364,3,287,0.010452961672473868,284,0.9895470383275261,87,0.9886363636363636,-2,-0.005333333333333333
