model_id,benchmark_id,protocol,total_tasks,common_complete_tasks,excluded_tasks,correct,end_to_end_tokens,pareto_efficient,dominated_by
deepseek-coder-v2-lite-instruct,bigcodebench_instruct,direct,1136,1125,11,435,583608,true,[]
deepseek-coder-v2-lite-instruct,bigcodebench_instruct,r,1136,1125,11,433,1479662,false,"[""direct"",""dr"",""dcr"",""dcpr""]"
deepseek-coder-v2-lite-instruct,bigcodebench_instruct,cr,1136,1125,11,368,3238490,false,"[""direct"",""r"",""dr"",""dcr"",""dcpr"",""sc_cr"",""sc_dr"",""sc_dcr"",""sc_dcpr""]"
deepseek-coder-v2-lite-instruct,bigcodebench_instruct,cpr,1136,1125,11,349,4587652,false,"[""direct"",""r"",""cr"",""dr"",""dcr"",""dcpr"",""sc_cr"",""sc_dr"",""sc_dcr"",""sc_dcpr""]"
deepseek-coder-v2-lite-instruct,bigcodebench_instruct,dr,1136,1125,11,435,1149637,false,"[""direct""]"
deepseek-coder-v2-lite-instruct,bigcodebench_instruct,dcr,1136,1125,11,435,1149637,false,"[""direct""]"
deepseek-coder-v2-lite-instruct,bigcodebench_instruct,dcpr,1136,1125,11,435,1149637,false,"[""direct""]"
deepseek-coder-v2-lite-instruct,bigcodebench_instruct,sc_cr,1136,1125,11,413,1544809,false,"[""direct"",""r"",""dr"",""dcr"",""dcpr"",""sc_dr""]"
deepseek-coder-v2-lite-instruct,bigcodebench_instruct,sc_cpr,1136,1125,11,250,1806869,false,"[""direct"",""r"",""dr"",""dcr"",""dcpr"",""sc_cr"",""sc_dr"",""sc_dcr"",""sc_dcpr""]"
deepseek-coder-v2-lite-instruct,bigcodebench_instruct,sc_dr,1136,1125,11,435,1538209,false,"[""direct"",""dr"",""dcr"",""dcpr""]"
deepseek-coder-v2-lite-instruct,bigcodebench_instruct,sc_dcr,1136,1125,11,432,1558176,false,"[""direct"",""r"",""dr"",""dcr"",""dcpr"",""sc_dr""]"
deepseek-coder-v2-lite-instruct,bigcodebench_instruct,sc_dcpr,1136,1125,11,425,1577185,false,"[""direct"",""r"",""dr"",""dcr"",""dcpr"",""sc_dr"",""sc_dcr""]"
deepseek-coder-v2-lite-instruct,humaneval_plus,direct,163,160,3,125,79485,true,[]
deepseek-coder-v2-lite-instruct,humaneval_plus,r,163,160,3,124,202098,false,"[""direct"",""dr"",""dcr"",""dcpr""]"
deepseek-coder-v2-lite-instruct,humaneval_plus,cr,163,160,3,115,377610,false,"[""direct"",""r"",""dr"",""dcr"",""dcpr"",""sc_cr"",""sc_dr"",""sc_dcr"",""sc_dcpr""]"
deepseek-coder-v2-lite-instruct,humaneval_plus,cpr,163,160,3,111,518155,false,"[""direct"",""r"",""cr"",""dr"",""dcr"",""dcpr"",""sc_cr"",""sc_dr"",""sc_dcr"",""sc_dcpr""]"
deepseek-coder-v2-lite-instruct,humaneval_plus,dr,163,160,3,125,156480,false,"[""direct""]"
deepseek-coder-v2-lite-instruct,humaneval_plus,dcr,163,160,3,125,156480,false,"[""direct""]"
deepseek-coder-v2-lite-instruct,humaneval_plus,dcpr,163,160,3,125,156480,false,"[""direct""]"
deepseek-coder-v2-lite-instruct,humaneval_plus,sc_cr,163,160,3,121,218544,false,"[""direct"",""r"",""dr"",""dcr"",""dcpr"",""sc_dr"",""sc_dcr"",""sc_dcpr""]"
deepseek-coder-v2-lite-instruct,humaneval_plus,sc_cpr,163,160,3,99,237700,false,"[""direct"",""r"",""dr"",""dcr"",""dcpr"",""sc_cr"",""sc_dr"",""sc_dcr"",""sc_dcpr""]"
deepseek-coder-v2-lite-instruct,humaneval_plus,sc_dr,163,160,3,125,210622,false,"[""direct"",""dr"",""dcr"",""dcpr""]"
deepseek-coder-v2-lite-instruct,humaneval_plus,sc_dcr,163,160,3,125,213734,false,"[""direct"",""dr"",""dcr"",""dcpr"",""sc_dr""]"
deepseek-coder-v2-lite-instruct,humaneval_plus,sc_dcpr,163,160,3,124,215490,false,"[""direct"",""r"",""dr"",""dcr"",""dcpr"",""sc_dr"",""sc_dcr""]"
deepseek-coder-v2-lite-instruct,mbpp_plus,direct,378,373,5,276,104045,true,[]
deepseek-coder-v2-lite-instruct,mbpp_plus,r,378,373,5,277,261912,true,[]
deepseek-coder-v2-lite-instruct,mbpp_plus,cr,378,373,5,235,503481,false,"[""direct"",""r"",""dr"",""dcr"",""dcpr"",""sc_cr"",""sc_cpr"",""sc_dr"",""sc_dcr"",""sc_dcpr""]"
deepseek-coder-v2-lite-instruct,mbpp_plus,cpr,378,373,5,224,704133,false,"[""direct"",""r"",""cr"",""dr"",""dcr"",""dcpr"",""sc_cr"",""sc_cpr"",""sc_dr"",""sc_dcr"",""sc_dcpr""]"
deepseek-coder-v2-lite-instruct,mbpp_plus,dr,378,373,5,276,202512,false,"[""direct""]"
deepseek-coder-v2-lite-instruct,mbpp_plus,dcr,378,373,5,276,202512,false,"[""direct""]"
deepseek-coder-v2-lite-instruct,mbpp_plus,dcpr,378,373,5,276,202512,false,"[""direct""]"
deepseek-coder-v2-lite-instruct,mbpp_plus,sc_cr,378,373,5,275,269982,false,"[""direct"",""r"",""dr"",""dcr"",""dcpr""]"
deepseek-coder-v2-lite-instruct,mbpp_plus,sc_cpr,378,373,5,269,278672,false,"[""direct"",""r"",""dr"",""dcr"",""dcpr"",""sc_cr""]"
deepseek-coder-v2-lite-instruct,mbpp_plus,sc_dr,378,373,5,274,282241,false,"[""direct"",""r"",""dr"",""dcr"",""dcpr"",""sc_cr""]"
deepseek-coder-v2-lite-instruct,mbpp_plus,sc_dcr,378,373,5,271,290416,false,"[""direct"",""r"",""dr"",""dcr"",""dcpr"",""sc_cr"",""sc_dr""]"
deepseek-coder-v2-lite-instruct,mbpp_plus,sc_dcpr,378,373,5,269,294593,false,"[""direct"",""r"",""dr"",""dcr"",""dcpr"",""sc_cr"",""sc_cpr"",""sc_dr"",""sc_dcr""]"
devstral-small-2-24b-instruct,bigcodebench_instruct,direct,1136,1132,4,537,540578,true,[]
devstral-small-2-24b-instruct,bigcodebench_instruct,r,1136,1132,4,541,1370402,true,[]
devstral-small-2-24b-instruct,bigcodebench_instruct,cr,1136,1132,4,456,2984037,false,"[""direct"",""r"",""dr"",""dcr"",""dcpr"",""sc_cr"",""sc_cpr"",""sc_dr"",""sc_dcr"",""sc_dcpr""]"
devstral-small-2-24b-instruct,bigcodebench_instruct,cpr,1136,1132,4,429,4349146,false,"[""direct"",""r"",""cr"",""dr"",""dcr"",""dcpr"",""sc_cr"",""sc_cpr"",""sc_dr"",""sc_dcr"",""sc_dcpr""]"
devstral-small-2-24b-instruct,bigcodebench_instruct,dr,1136,1132,4,539,1100759,true,[]
devstral-small-2-24b-instruct,bigcodebench_instruct,dcr,1136,1132,4,537,1174312,false,"[""direct"",""dr""]"
devstral-small-2-24b-instruct,bigcodebench_instruct,dcpr,1136,1132,4,539,1237126,false,"[""dr""]"
devstral-small-2-24b-instruct,bigcodebench_instruct,sc_cr,1136,1132,4,543,1394132,true,[]
devstral-small-2-24b-instruct,bigcodebench_instruct,sc_cpr,1136,1132,4,540,1404299,false,"[""r"",""sc_cr""]"
devstral-small-2-24b-instruct,bigcodebench_instruct,sc_dr,1136,1132,4,541,1432028,false,"[""r"",""sc_cr""]"
devstral-small-2-24b-instruct,bigcodebench_instruct,sc_dcr,1136,1132,4,541,1448943,false,"[""r"",""sc_cr"",""sc_dr""]"
devstral-small-2-24b-instruct,bigcodebench_instruct,sc_dcpr,1136,1132,4,537,1472113,false,"[""direct"",""r"",""dr"",""dcr"",""dcpr"",""sc_cr"",""sc_cpr"",""sc_dr"",""sc_dcr""]"
devstral-small-2-24b-instruct,humaneval_plus,direct,163,161,2,138,67388,true,[]
devstral-small-2-24b-instruct,humaneval_plus,r,163,161,2,141,173280,true,[]
devstral-small-2-24b-instruct,humaneval_plus,cr,163,161,2,136,331021,false,"[""direct"",""r"",""dr"",""dcr"",""dcpr"",""sc_cr"",""sc_cpr"",""sc_dr"",""sc_dcr"",""sc_dcpr""]"
devstral-small-2-24b-instruct,humaneval_plus,cpr,163,161,2,134,469093,false,"[""direct"",""r"",""cr"",""dr"",""dcr"",""dcpr"",""sc_cr"",""sc_cpr"",""sc_dr"",""sc_dcr"",""sc_dcpr""]"
devstral-small-2-24b-instruct,humaneval_plus,dr,163,161,2,138,145340,false,"[""direct""]"
devstral-small-2-24b-instruct,humaneval_plus,dcr,163,161,2,140,170391,true,[]
devstral-small-2-24b-instruct,humaneval_plus,dcpr,163,161,2,139,182709,false,"[""r"",""dcr"",""sc_cr"",""sc_cpr"",""sc_dr"",""sc_dcr""]"
devstral-small-2-24b-instruct,humaneval_plus,sc_cr,163,161,2,141,173398,false,"[""r""]"
devstral-small-2-24b-instruct,humaneval_plus,sc_cpr,163,161,2,141,175791,false,"[""r"",""sc_cr""]"
devstral-small-2-24b-instruct,humaneval_plus,sc_dr,163,161,2,139,177661,false,"[""r"",""dcr"",""sc_cr"",""sc_cpr""]"
devstral-small-2-24b-instruct,humaneval_plus,sc_dcr,163,161,2,141,180166,false,"[""r"",""sc_cr"",""sc_cpr""]"
devstral-small-2-24b-instruct,humaneval_plus,sc_dcpr,163,161,2,137,187622,false,"[""direct"",""r"",""dr"",""dcr"",""dcpr"",""sc_cr"",""sc_cpr"",""sc_dr"",""sc_dcr""]"
devstral-small-2-24b-instruct,mbpp_plus,direct,378,374,4,264,88850,true,[]
devstral-small-2-24b-instruct,mbpp_plus,r,378,374,4,265,220362,false,"[""dcr"",""dcpr""]"
devstral-small-2-24b-instruct,mbpp_plus,cr,378,374,4,262,466755,false,"[""direct"",""r"",""dr"",""dcr"",""dcpr"",""sc_cr"",""sc_cpr"",""sc_dr"",""sc_dcr"",""sc_dcpr""]"
devstral-small-2-24b-instruct,mbpp_plus,cpr,378,374,4,253,699426,false,"[""direct"",""r"",""cr"",""dr"",""dcr"",""dcpr"",""sc_cr"",""sc_cpr"",""sc_dr"",""sc_dcr"",""sc_dcpr""]"
devstral-small-2-24b-instruct,mbpp_plus,dr,378,374,4,264,179282,false,"[""direct""]"
devstral-small-2-24b-instruct,mbpp_plus,dcr,378,374,4,267,200372,true,[]
devstral-small-2-24b-instruct,mbpp_plus,dcpr,378,374,4,266,217698,false,"[""dcr""]"
devstral-small-2-24b-instruct,mbpp_plus,sc_cr,378,374,4,265,228079,false,"[""r"",""dcr"",""dcpr""]"
devstral-small-2-24b-instruct,mbpp_plus,sc_cpr,378,374,4,264,231613,false,"[""direct"",""r"",""dr"",""dcr"",""dcpr"",""sc_cr""]"
devstral-small-2-24b-instruct,mbpp_plus,sc_dr,378,374,4,266,240738,false,"[""dcr"",""dcpr""]"
devstral-small-2-24b-instruct,mbpp_plus,sc_dcr,378,374,4,263,245988,false,"[""direct"",""r"",""dr"",""dcr"",""dcpr"",""sc_cr"",""sc_cpr"",""sc_dr""]"
devstral-small-2-24b-instruct,mbpp_plus,sc_dcpr,378,374,4,264,254734,false,"[""direct"",""r"",""dr"",""dcr"",""dcpr"",""sc_cr"",""sc_cpr"",""sc_dr""]"
gemma-4-31b-it-qat-w4a16,bigcodebench_instruct,direct,1136,1136,0,569,743875,true,[]
gemma-4-31b-it-qat-w4a16,bigcodebench_instruct,r,1136,1136,0,574,1945332,true,[]
gemma-4-31b-it-qat-w4a16,bigcodebench_instruct,cr,1136,1136,0,560,3050028,false,"[""direct"",""r"",""dr"",""dcr"",""dcpr"",""sc_cr"",""sc_cpr"",""sc_dr"",""sc_dcr"",""sc_dcpr""]"
gemma-4-31b-it-qat-w4a16,bigcodebench_instruct,cpr,1136,1136,0,557,3917451,false,"[""direct"",""r"",""cr"",""dr"",""dcr"",""dcpr"",""sc_cr"",""sc_cpr"",""sc_dr"",""sc_dcr"",""sc_dcpr""]"
gemma-4-31b-it-qat-w4a16,bigcodebench_instruct,dr,1136,1136,0,569,1679712,false,"[""direct""]"
gemma-4-31b-it-qat-w4a16,bigcodebench_instruct,dcr,1136,1136,0,563,1901789,false,"[""direct"",""dr""]"
gemma-4-31b-it-qat-w4a16,bigcodebench_instruct,dcpr,1136,1136,0,560,2096000,false,"[""direct"",""r"",""dr"",""dcr"",""sc_cr"",""sc_cpr"",""sc_dr"",""sc_dcr"",""sc_dcpr""]"
gemma-4-31b-it-qat-w4a16,bigcodebench_instruct,sc_cr,1136,1136,0,570,1982999,false,"[""r""]"
gemma-4-31b-it-qat-w4a16,bigcodebench_instruct,sc_cpr,1136,1136,0,572,1992714,false,"[""r""]"
gemma-4-31b-it-qat-w4a16,bigcodebench_instruct,sc_dr,1136,1136,0,572,2008864,false,"[""r"",""sc_cpr""]"
gemma-4-31b-it-qat-w4a16,bigcodebench_instruct,sc_dcr,1136,1136,0,570,2028885,false,"[""r"",""sc_cr"",""sc_cpr"",""sc_dr""]"
gemma-4-31b-it-qat-w4a16,bigcodebench_instruct,sc_dcpr,1136,1136,0,574,2041276,false,"[""r""]"
gemma-4-31b-it-qat-w4a16,humaneval_plus,direct,163,161,2,156,82673,true,[]
gemma-4-31b-it-qat-w4a16,humaneval_plus,r,163,161,2,155,212504,false,"[""direct"",""dr""]"
gemma-4-31b-it-qat-w4a16,humaneval_plus,cr,163,161,2,151,336077,false,"[""direct"",""r"",""dr"",""dcr"",""dcpr"",""sc_cr"",""sc_cpr"",""sc_dr"",""sc_dcr"",""sc_dcpr""]"
gemma-4-31b-it-qat-w4a16,humaneval_plus,cpr,163,161,2,151,425868,false,"[""direct"",""r"",""cr"",""dr"",""dcr"",""dcpr"",""sc_cr"",""sc_cpr"",""sc_dr"",""sc_dcr"",""sc_dcpr""]"
gemma-4-31b-it-qat-w4a16,humaneval_plus,dr,163,161,2,156,176704,false,"[""direct""]"
gemma-4-31b-it-qat-w4a16,humaneval_plus,dcr,163,161,2,154,196820,false,"[""direct"",""dr""]"
gemma-4-31b-it-qat-w4a16,humaneval_plus,dcpr,163,161,2,154,208292,false,"[""direct"",""dr"",""dcr""]"
gemma-4-31b-it-qat-w4a16,humaneval_plus,sc_cr,163,161,2,155,215603,false,"[""direct"",""r"",""dr""]"
gemma-4-31b-it-qat-w4a16,humaneval_plus,sc_cpr,163,161,2,155,218022,false,"[""direct"",""r"",""dr"",""sc_cr""]"
gemma-4-31b-it-qat-w4a16,humaneval_plus,sc_dr,163,161,2,155,219687,false,"[""direct"",""r"",""dr"",""sc_cr"",""sc_cpr""]"
gemma-4-31b-it-qat-w4a16,humaneval_plus,sc_dcr,163,161,2,155,222634,false,"[""direct"",""r"",""dr"",""sc_cr"",""sc_cpr"",""sc_dr""]"
gemma-4-31b-it-qat-w4a16,humaneval_plus,sc_dcpr,163,161,2,155,223781,false,"[""direct"",""r"",""dr"",""sc_cr"",""sc_cpr"",""sc_dr"",""sc_dcr""]"
gemma-4-31b-it-qat-w4a16,mbpp_plus,direct,378,375,3,303,147931,true,[]
gemma-4-31b-it-qat-w4a16,mbpp_plus,r,378,375,3,307,382535,false,"[""dr"",""dcr""]"
gemma-4-31b-it-qat-w4a16,mbpp_plus,cr,378,375,3,305,605795,false,"[""r"",""dr"",""dcr"",""dcpr"",""sc_cr"",""sc_cpr"",""sc_dr"",""sc_dcr"",""sc_dcpr""]"
gemma-4-31b-it-qat-w4a16,mbpp_plus,cpr,378,375,3,304,766391,false,"[""r"",""cr"",""dr"",""dcr"",""dcpr"",""sc_cr"",""sc_cpr"",""sc_dr"",""sc_dcr"",""sc_dcpr""]"
gemma-4-31b-it-qat-w4a16,mbpp_plus,dr,378,375,3,307,317246,true,[]
gemma-4-31b-it-qat-w4a16,mbpp_plus,dcr,378,375,3,307,360286,false,"[""dr""]"
gemma-4-31b-it-qat-w4a16,mbpp_plus,dcpr,378,375,3,307,386948,false,"[""r"",""dr"",""dcr""]"
gemma-4-31b-it-qat-w4a16,mbpp_plus,sc_cr,378,375,3,307,395744,false,"[""r"",""dr"",""dcr"",""dcpr""]"
gemma-4-31b-it-qat-w4a16,mbpp_plus,sc_cpr,378,375,3,307,397141,false,"[""r"",""dr"",""dcr"",""dcpr"",""sc_cr""]"
gemma-4-31b-it-qat-w4a16,mbpp_plus,sc_dr,378,375,3,309,405168,true,[]
gemma-4-31b-it-qat-w4a16,mbpp_plus,sc_dcr,378,375,3,307,412021,false,"[""r"",""dr"",""dcr"",""dcpr"",""sc_cr"",""sc_cpr"",""sc_dr""]"
gemma-4-31b-it-qat-w4a16,mbpp_plus,sc_dcpr,378,375,3,307,415203,false,"[""r"",""dr"",""dcr"",""dcpr"",""sc_cr"",""sc_cpr"",""sc_dr"",""sc_dcr""]"
qwen2.5-coder-14b-instruct,bigcodebench_instruct,direct,1136,1135,1,558,547755,true,[]
qwen2.5-coder-14b-instruct,bigcodebench_instruct,r,1136,1135,1,559,1365968,false,"[""dr"",""dcr"",""dcpr""]"
qwen2.5-coder-14b-instruct,bigcodebench_instruct,cr,1136,1135,1,553,2200284,false,"[""direct"",""r"",""dr"",""dcr"",""dcpr"",""sc_cr"",""sc_cpr"",""sc_dr"",""sc_dcr"",""sc_dcpr""]"
qwen2.5-coder-14b-instruct,bigcodebench_instruct,cpr,1136,1135,1,553,2896118,false,"[""direct"",""r"",""cr"",""dr"",""dcr"",""dcpr"",""sc_cr"",""sc_cpr"",""sc_dr"",""sc_dcr"",""sc_dcpr""]"
qwen2.5-coder-14b-instruct,bigcodebench_instruct,dr,1136,1135,1,559,1129762,true,[]
qwen2.5-coder-14b-instruct,bigcodebench_instruct,dcr,1136,1135,1,562,1213234,true,[]
qwen2.5-coder-14b-instruct,bigcodebench_instruct,dcpr,1136,1135,1,562,1286613,false,"[""dcr""]"
qwen2.5-coder-14b-instruct,bigcodebench_instruct,sc_cr,1136,1135,1,561,1389304,false,"[""dcr"",""dcpr""]"
qwen2.5-coder-14b-instruct,bigcodebench_instruct,sc_cpr,1136,1135,1,561,1401473,false,"[""dcr"",""dcpr"",""sc_cr""]"
qwen2.5-coder-14b-instruct,bigcodebench_instruct,sc_dr,1136,1135,1,560,1420094,false,"[""dcr"",""dcpr"",""sc_cr"",""sc_cpr""]"
qwen2.5-coder-14b-instruct,bigcodebench_instruct,sc_dcr,1136,1135,1,561,1436580,false,"[""dcr"",""dcpr"",""sc_cr"",""sc_cpr""]"
qwen2.5-coder-14b-instruct,bigcodebench_instruct,sc_dcpr,1136,1135,1,560,1447193,false,"[""dcr"",""dcpr"",""sc_cr"",""sc_cpr"",""sc_dr"",""sc_dcr""]"
qwen2.5-coder-14b-instruct,humaneval_plus,direct,163,161,2,142,71366,true,[]
qwen2.5-coder-14b-instruct,humaneval_plus,r,163,161,2,142,177273,false,"[""direct"",""dr"",""dcr"",""dcpr""]"
qwen2.5-coder-14b-instruct,humaneval_plus,cr,163,161,2,139,280420,false,"[""direct"",""r"",""dr"",""dcr"",""dcpr"",""sc_cr"",""sc_cpr"",""sc_dr"",""sc_dcr"",""sc_dcpr""]"
qwen2.5-coder-14b-instruct,humaneval_plus,cpr,163,161,2,141,367271,false,"[""direct"",""r"",""dr"",""dcr"",""dcpr"",""sc_cr"",""sc_cpr"",""sc_dr"",""sc_dcr"",""sc_dcpr""]"
qwen2.5-coder-14b-instruct,humaneval_plus,dr,163,161,2,143,146991,true,[]
qwen2.5-coder-14b-instruct,humaneval_plus,dcr,163,161,2,144,157921,true,[]
qwen2.5-coder-14b-instruct,humaneval_plus,dcpr,163,161,2,145,167782,true,[]
qwen2.5-coder-14b-instruct,humaneval_plus,sc_cr,163,161,2,141,180442,false,"[""direct"",""r"",""dr"",""dcr"",""dcpr""]"
qwen2.5-coder-14b-instruct,humaneval_plus,sc_cpr,163,161,2,143,182651,false,"[""dr"",""dcr"",""dcpr""]"
qwen2.5-coder-14b-instruct,humaneval_plus,sc_dr,163,161,2,144,184946,false,"[""dcr"",""dcpr""]"
qwen2.5-coder-14b-instruct,humaneval_plus,sc_dcr,163,161,2,143,187269,false,"[""dr"",""dcr"",""dcpr"",""sc_cpr"",""sc_dr""]"
qwen2.5-coder-14b-instruct,humaneval_plus,sc_dcpr,163,161,2,143,188856,false,"[""dr"",""dcr"",""dcpr"",""sc_cpr"",""sc_dr"",""sc_dcr""]"
qwen2.5-coder-14b-instruct,mbpp_plus,direct,378,377,1,287,108889,true,[]
qwen2.5-coder-14b-instruct,mbpp_plus,r,378,377,1,290,271741,false,"[""dr"",""dcr"",""dcpr""]"
qwen2.5-coder-14b-instruct,mbpp_plus,cr,378,377,1,290,467365,false,"[""r"",""dr"",""dcr"",""dcpr"",""sc_cr"",""sc_cpr"",""sc_dr"",""sc_dcpr""]"
qwen2.5-coder-14b-instruct,mbpp_plus,cpr,378,377,1,288,606482,false,"[""r"",""cr"",""dr"",""dcr"",""dcpr"",""sc_cr"",""sc_cpr"",""sc_dr"",""sc_dcr"",""sc_dcpr""]"
qwen2.5-coder-14b-instruct,mbpp_plus,dr,378,377,1,290,219824,true,[]
qwen2.5-coder-14b-instruct,mbpp_plus,dcr,378,377,1,296,235877,true,[]
qwen2.5-coder-14b-instruct,mbpp_plus,dcpr,378,377,1,294,250070,false,"[""dcr""]"
qwen2.5-coder-14b-instruct,mbpp_plus,sc_cr,378,377,1,294,279040,false,"[""dcr"",""dcpr""]"
qwen2.5-coder-14b-instruct,mbpp_plus,sc_cpr,378,377,1,293,283152,false,"[""dcr"",""dcpr"",""sc_cr""]"
qwen2.5-coder-14b-instruct,mbpp_plus,sc_dr,378,377,1,291,289623,false,"[""dcr"",""dcpr"",""sc_cr"",""sc_cpr""]"
qwen2.5-coder-14b-instruct,mbpp_plus,sc_dcr,378,377,1,289,294896,false,"[""r"",""dr"",""dcr"",""dcpr"",""sc_cr"",""sc_cpr"",""sc_dr""]"
qwen2.5-coder-14b-instruct,mbpp_plus,sc_dcpr,378,377,1,292,298503,false,"[""dcr"",""dcpr"",""sc_cr"",""sc_cpr""]"
qwen2.5-coder-7b-instruct,bigcodebench_instruct,direct,1136,1136,0,466,513602,true,[]
qwen2.5-coder-7b-instruct,bigcodebench_instruct,r,1136,1136,0,477,1265553,true,[]
qwen2.5-coder-7b-instruct,bigcodebench_instruct,cr,1136,1136,0,472,2168251,false,"[""r"",""dcr"",""sc_cr"",""sc_cpr"",""sc_dr"",""sc_dcr""]"
qwen2.5-coder-7b-instruct,bigcodebench_instruct,cpr,1136,1136,0,470,2871748,false,"[""r"",""cr"",""dr"",""dcr"",""dcpr"",""sc_cr"",""sc_cpr"",""sc_dr"",""sc_dcr"",""sc_dcpr""]"
qwen2.5-coder-7b-instruct,bigcodebench_instruct,dr,1136,1136,0,471,1051582,true,[]
qwen2.5-coder-7b-instruct,bigcodebench_instruct,dcr,1136,1136,0,472,1142731,true,[]
qwen2.5-coder-7b-instruct,bigcodebench_instruct,dcpr,1136,1136,0,471,1209120,false,"[""dr"",""dcr""]"
qwen2.5-coder-7b-instruct,bigcodebench_instruct,sc_cr,1136,1136,0,475,1287598,false,"[""r""]"
qwen2.5-coder-7b-instruct,bigcodebench_instruct,sc_cpr,1136,1136,0,477,1299843,false,"[""r""]"
qwen2.5-coder-7b-instruct,bigcodebench_instruct,sc_dr,1136,1136,0,474,1318852,false,"[""r"",""sc_cr"",""sc_cpr""]"
qwen2.5-coder-7b-instruct,bigcodebench_instruct,sc_dcr,1136,1136,0,475,1336268,false,"[""r"",""sc_cr"",""sc_cpr""]"
qwen2.5-coder-7b-instruct,bigcodebench_instruct,sc_dcpr,1136,1136,0,471,1367451,false,"[""r"",""dr"",""dcr"",""dcpr"",""sc_cr"",""sc_cpr"",""sc_dr"",""sc_dcr""]"
qwen2.5-coder-7b-instruct,humaneval_plus,direct,163,161,2,140,65193,true,[]
qwen2.5-coder-7b-instruct,humaneval_plus,r,163,161,2,140,159395,false,"[""direct"",""dr"",""dcr"",""dcpr""]"
qwen2.5-coder-7b-instruct,humaneval_plus,cr,163,161,2,135,254480,false,"[""direct"",""r"",""dr"",""dcr"",""dcpr"",""sc_cr"",""sc_cpr"",""sc_dr"",""sc_dcr"",""sc_dcpr""]"
qwen2.5-coder-7b-instruct,humaneval_plus,cpr,163,161,2,135,332799,false,"[""direct"",""r"",""cr"",""dr"",""dcr"",""dcpr"",""sc_cr"",""sc_cpr"",""sc_dr"",""sc_dcr"",""sc_dcpr""]"
qwen2.5-coder-7b-instruct,humaneval_plus,dr,163,161,2,141,129922,true,[]
qwen2.5-coder-7b-instruct,humaneval_plus,dcr,163,161,2,140,134214,false,"[""direct"",""dr""]"
qwen2.5-coder-7b-instruct,humaneval_plus,dcpr,163,161,2,140,138500,false,"[""direct"",""dr"",""dcr""]"
qwen2.5-coder-7b-instruct,humaneval_plus,sc_cr,163,161,2,139,162271,false,"[""direct"",""r"",""dr"",""dcr"",""dcpr""]"
qwen2.5-coder-7b-instruct,humaneval_plus,sc_cpr,163,161,2,139,163999,false,"[""direct"",""r"",""dr"",""dcr"",""dcpr"",""sc_cr""]"
qwen2.5-coder-7b-instruct,humaneval_plus,sc_dr,163,161,2,141,166741,false,"[""dr""]"
qwen2.5-coder-7b-instruct,humaneval_plus,sc_dcr,163,161,2,140,169558,false,"[""direct"",""r"",""dr"",""dcr"",""dcpr"",""sc_dr""]"
qwen2.5-coder-7b-instruct,humaneval_plus,sc_dcpr,163,161,2,140,172155,false,"[""direct"",""r"",""dr"",""dcr"",""dcpr"",""sc_dr"",""sc_dcr""]"
qwen2.5-coder-7b-instruct,mbpp_plus,direct,378,373,5,278,105395,true,[]
qwen2.5-coder-7b-instruct,mbpp_plus,r,378,373,5,279,261827,false,"[""dr"",""dcr"",""dcpr""]"
qwen2.5-coder-7b-instruct,mbpp_plus,cr,378,373,5,277,430616,false,"[""direct"",""r"",""dr"",""dcr"",""dcpr"",""sc_cr"",""sc_cpr"",""sc_dr"",""sc_dcr"",""sc_dcpr""]"
qwen2.5-coder-7b-instruct,mbpp_plus,cpr,378,373,5,275,560892,false,"[""direct"",""r"",""cr"",""dr"",""dcr"",""dcpr"",""sc_cr"",""sc_cpr"",""sc_dr"",""sc_dcr"",""sc_dcpr""]"
qwen2.5-coder-7b-instruct,mbpp_plus,dr,378,373,5,279,213504,true,[]
qwen2.5-coder-7b-instruct,mbpp_plus,dcr,378,373,5,280,235255,true,[]
qwen2.5-coder-7b-instruct,mbpp_plus,dcpr,378,373,5,280,250589,false,"[""dcr""]"
qwen2.5-coder-7b-instruct,mbpp_plus,sc_cr,378,373,5,277,269085,false,"[""direct"",""r"",""dr"",""dcr"",""dcpr""]"
qwen2.5-coder-7b-instruct,mbpp_plus,sc_cpr,378,373,5,277,273143,false,"[""direct"",""r"",""dr"",""dcr"",""dcpr"",""sc_cr""]"
qwen2.5-coder-7b-instruct,mbpp_plus,sc_dr,378,373,5,279,279401,false,"[""r"",""dr"",""dcr"",""dcpr""]"
qwen2.5-coder-7b-instruct,mbpp_plus,sc_dcr,378,373,5,280,285031,false,"[""dcr"",""dcpr""]"
qwen2.5-coder-7b-instruct,mbpp_plus,sc_dcpr,378,373,5,277,291451,false,"[""direct"",""r"",""dr"",""dcr"",""dcpr"",""sc_cr"",""sc_cpr"",""sc_dr"",""sc_dcr""]"
qwen3-coder-30b-a3b-instruct-fp8,bigcodebench_instruct,direct,1136,1134,2,562,560845,true,[]
qwen3-coder-30b-a3b-instruct-fp8,bigcodebench_instruct,r,1136,1134,2,566,1427912,true,[]
qwen3-coder-30b-a3b-instruct-fp8,bigcodebench_instruct,cr,1136,1134,2,429,3795866,false,"[""direct"",""r"",""dr"",""dcr"",""dcpr"",""sc_cr"",""sc_cpr"",""sc_dr"",""sc_dcr"",""sc_dcpr""]"
qwen3-coder-30b-a3b-instruct-fp8,bigcodebench_instruct,cpr,1136,1134,2,398,5140474,false,"[""direct"",""r"",""cr"",""dr"",""dcr"",""dcpr"",""sc_cr"",""sc_cpr"",""sc_dr"",""sc_dcr"",""sc_dcpr""]"
qwen3-coder-30b-a3b-instruct-fp8,bigcodebench_instruct,dr,1136,1134,2,565,1330950,true,[]
qwen3-coder-30b-a3b-instruct-fp8,bigcodebench_instruct,dcr,1136,1134,2,545,1858057,false,"[""direct"",""r"",""dr"",""sc_cr"",""sc_cpr"",""sc_dr"",""sc_dcr"",""sc_dcpr""]"
qwen3-coder-30b-a3b-instruct-fp8,bigcodebench_instruct,dcpr,1136,1134,2,544,2179008,false,"[""direct"",""r"",""dr"",""dcr"",""sc_cr"",""sc_cpr"",""sc_dr"",""sc_dcr"",""sc_dcpr""]"
qwen3-coder-30b-a3b-instruct-fp8,bigcodebench_instruct,sc_cr,1136,1134,2,564,1454042,false,"[""r"",""dr""]"
qwen3-coder-30b-a3b-instruct-fp8,bigcodebench_instruct,sc_cpr,1136,1134,2,563,1509574,false,"[""r"",""dr"",""sc_cr""]"
qwen3-coder-30b-a3b-instruct-fp8,bigcodebench_instruct,sc_dr,1136,1134,2,561,1482509,false,"[""direct"",""r"",""dr"",""sc_cr""]"
qwen3-coder-30b-a3b-instruct-fp8,bigcodebench_instruct,sc_dcr,1136,1134,2,562,1506283,false,"[""direct"",""r"",""dr"",""sc_cr""]"
qwen3-coder-30b-a3b-instruct-fp8,bigcodebench_instruct,sc_dcpr,1136,1134,2,550,1565078,false,"[""direct"",""r"",""dr"",""sc_cr"",""sc_cpr"",""sc_dr"",""sc_dcr""]"
qwen3-coder-30b-a3b-instruct-fp8,humaneval_plus,direct,163,158,5,138,70501,true,[]
qwen3-coder-30b-a3b-instruct-fp8,humaneval_plus,r,163,158,5,138,176178,false,"[""direct"",""dr""]"
qwen3-coder-30b-a3b-instruct-fp8,humaneval_plus,cr,163,158,5,133,378026,false,"[""direct"",""r"",""dr"",""dcr"",""dcpr"",""sc_cr"",""sc_cpr"",""sc_dr"",""sc_dcr"",""sc_dcpr""]"
qwen3-coder-30b-a3b-instruct-fp8,humaneval_plus,cpr,163,158,5,127,508501,false,"[""direct"",""r"",""cr"",""dr"",""dcr"",""dcpr"",""sc_cr"",""sc_cpr"",""sc_dr"",""sc_dcr"",""sc_dcpr""]"
qwen3-coder-30b-a3b-instruct-fp8,humaneval_plus,dr,163,158,5,138,149044,false,"[""direct""]"
qwen3-coder-30b-a3b-instruct-fp8,humaneval_plus,dcr,163,158,5,136,179518,false,"[""direct"",""r"",""dr""]"
qwen3-coder-30b-a3b-instruct-fp8,humaneval_plus,dcpr,163,158,5,136,195133,false,"[""direct"",""r"",""dr"",""dcr"",""sc_cr"",""sc_dr"",""sc_dcr"",""sc_dcpr""]"
qwen3-coder-30b-a3b-instruct-fp8,humaneval_plus,sc_cr,163,158,5,139,191227,true,[]
qwen3-coder-30b-a3b-instruct-fp8,humaneval_plus,sc_cpr,163,158,5,136,243722,false,"[""direct"",""r"",""dr"",""dcr"",""dcpr"",""sc_cr"",""sc_dr"",""sc_dcr"",""sc_dcpr""]"
qwen3-coder-30b-a3b-instruct-fp8,humaneval_plus,sc_dr,163,158,5,138,183543,false,"[""direct"",""r"",""dr""]"
qwen3-coder-30b-a3b-instruct-fp8,humaneval_plus,sc_dcr,163,158,5,136,188711,false,"[""direct"",""r"",""dr"",""dcr"",""sc_dr""]"
qwen3-coder-30b-a3b-instruct-fp8,humaneval_plus,sc_dcpr,163,158,5,137,192094,false,"[""direct"",""r"",""dr"",""sc_cr"",""sc_dr""]"
qwen3-coder-30b-a3b-instruct-fp8,mbpp_plus,direct,378,374,4,287,124905,true,[]
qwen3-coder-30b-a3b-instruct-fp8,mbpp_plus,r,378,374,4,287,311014,false,"[""direct"",""dr""]"
qwen3-coder-30b-a3b-instruct-fp8,mbpp_plus,cr,378,374,4,252,649545,false,"[""direct"",""r"",""dr"",""dcr"",""dcpr"",""sc_cr"",""sc_cpr"",""sc_dr"",""sc_dcr"",""sc_dcpr""]"
qwen3-coder-30b-a3b-instruct-fp8,mbpp_plus,cpr,378,374,4,245,883330,false,"[""direct"",""r"",""cr"",""dr"",""dcr"",""dcpr"",""sc_cr"",""sc_cpr"",""sc_dr"",""sc_dcr"",""sc_dcpr""]"
qwen3-coder-30b-a3b-instruct-fp8,mbpp_plus,dr,378,374,4,287,264023,false,"[""direct""]"
qwen3-coder-30b-a3b-instruct-fp8,mbpp_plus,dcr,378,374,4,285,318871,false,"[""direct"",""r"",""dr""]"
qwen3-coder-30b-a3b-instruct-fp8,mbpp_plus,dcpr,378,374,4,282,351760,false,"[""direct"",""r"",""dr"",""dcr"",""sc_dr""]"
qwen3-coder-30b-a3b-instruct-fp8,mbpp_plus,sc_cr,378,374,4,284,367034,false,"[""direct"",""r"",""dr"",""dcr"",""sc_dr"",""sc_dcpr""]"
qwen3-coder-30b-a3b-instruct-fp8,mbpp_plus,sc_cpr,378,374,4,280,443338,false,"[""direct"",""r"",""dr"",""dcr"",""dcpr"",""sc_cr"",""sc_dr"",""sc_dcpr""]"
qwen3-coder-30b-a3b-instruct-fp8,mbpp_plus,sc_dr,378,374,4,285,332613,false,"[""direct"",""r"",""dr"",""dcr""]"
qwen3-coder-30b-a3b-instruct-fp8,mbpp_plus,sc_dcr,378,374,4,278,342288,false,"[""direct"",""r"",""dr"",""dcr"",""sc_dr""]"
qwen3-coder-30b-a3b-instruct-fp8,mbpp_plus,sc_dcpr,378,374,4,284,351763,false,"[""direct"",""r"",""dr"",""dcr"",""sc_dr""]"
