model_id,benchmark_id,protocol,total_rows,cost_determinate,end_to_end_tokens_total,end_to_end_tokens_mean,end_to_end_tokens_median,end_to_end_input_tokens_total,end_to_end_input_tokens_mean,end_to_end_input_tokens_median,end_to_end_output_tokens_total,end_to_end_output_tokens_mean,end_to_end_output_tokens_median,incremental_tokens_total,incremental_input_tokens_total,incremental_output_tokens_total,decision_overhead_tokens_total,avoided_refinement_tokens_total,net_token_saving_total,determinate_final,correct,pass_rate
deepseek-coder-v2-lite-instruct,bigcodebench_instruct,cpr,1136,1135,4642492,4090.301321585903,3917,3066602,2701.8519823788547,2595,1575890,1388.4493392070485,1353,4051856,2754427,1297429,,,,1130,349,0.3088495575221239
deepseek-coder-v2-lite-instruct,bigcodebench_instruct,cr,1136,1135,3276940,2887.171806167401,2801,2098978,1849.3198237885463,1789,1177962,1037.8519823788547,1019,2686304,1786803,899501,,,,1130,368,0.3256637168141593
deepseek-coder-v2-lite-instruct,bigcodebench_instruct,dcpr,1136,1135,1163539,1025.1444933920704,974,880405,775.6872246696036,729,283134,249.45726872246695,236,572903,568230,4673,572903,4051856,3478953,1129,435,0.3852967227635075
deepseek-coder-v2-lite-instruct,bigcodebench_instruct,dcr,1136,1135,1163539,1025.1444933920704,974,880405,775.6872246696036,729,283134,249.45726872246695,236,572903,568230,4673,572903,2686304,2113401,1129,435,0.3852967227635075
deepseek-coder-v2-lite-instruct,bigcodebench_instruct,direct,1136,1136,595026,523.7904929577464,495.0,312469,275.0607394366197,258.0,282557,248.72975352112675,232.0,0,0,0,,,,1129,435,0.3852967227635075
deepseek-coder-v2-lite-instruct,bigcodebench_instruct,dr,1136,1135,1163539,1025.1444933920704,974,880405,775.6872246696036,729,283134,249.45726872246695,236,572903,568230,4673,572903,907101,334198,1129,435,0.3852967227635075
deepseek-coder-v2-lite-instruct,bigcodebench_instruct,r,1136,1135,1497737,1319.5920704845814,1257,939425,827.6872246696036,781,558312,491.904845814978,464,907101,627250,279851,,,,1129,433,0.38352524357838796
deepseek-coder-v2-lite-instruct,bigcodebench_instruct,sc_cpr,1136,1135,1827517,1610.1471365638768,1547,973475,857.6872246696036,811,854042,752.4599118942731,715,1236881,661300,575581,,,,1129,250,0.22143489813994685
deepseek-coder-v2-lite-instruct,bigcodebench_instruct,sc_cr,1136,1135,1563332,1377.3850220264317,1292,960990,846.6872246696036,800,602342,530.6977973568282,479,972696,648815,323881,,,,1129,413,0.36581045172719223
deepseek-coder-v2-lite-instruct,bigcodebench_instruct,sc_dcpr,1136,1135,1596036,1406.1991189427313,1344,1016605,895.6872246696036,849,579431,510.5118942731278,480,1005400,704430,300970,,,,1129,425,0.37643932683790965
deepseek-coder-v2-lite-instruct,bigcodebench_instruct,sc_dcr,1136,1135,1576939,1389.3735682819383,1328,1006390,886.6872246696036,840,570549,502.6863436123348,475,986303,694215,292088,,,,1129,432,0.3826395039858282
deepseek-coder-v2-lite-instruct,bigcodebench_instruct,sc_dr,1136,1135,1556832,1371.6581497797356,1311,990500,872.6872246696036,826,566332,498.97092511013216,472,966196,678325,287871,,,,1129,435,0.3852967227635075
deepseek-coder-v2-lite-instruct,humaneval_plus,cpr,163,163,529280,3247.116564417178,3097,368735,2262.1779141104294,2173,160545,984.9386503067485,953,448002,326140,121862,,,,160,111,0.69375
deepseek-coder-v2-lite-instruct,humaneval_plus,cr,163,163,385326,2363.963190184049,2265,256656,1574.5766871165645,1500,128670,789.3865030674847,749,304048,214061,89987,,,,160,115,0.71875
deepseek-coder-v2-lite-instruct,humaneval_plus,dcpr,163,163,160020,981.717791411043,907,120682,740.3803680981595,698,39338,241.33742331288343,220,78742,78087,655,78742,448002,369260,162,126,0.7777777777777778
deepseek-coder-v2-lite-instruct,humaneval_plus,dcr,163,163,160020,981.717791411043,907,120682,740.3803680981595,698,39338,241.33742331288343,220,78742,78087,655,78742,304048,225306,162,126,0.7777777777777778
deepseek-coder-v2-lite-instruct,humaneval_plus,direct,163,163,81278,498.63803680981596,461,42595,261.319018404908,244,38683,237.31901840490798,216,0,0,0,,,,162,126,0.7777777777777778
deepseek-coder-v2-lite-instruct,humaneval_plus,dr,163,163,160020,981.717791411043,907,120682,740.3803680981595,698,39338,241.33742331288343,220,78742,78087,655,78742,125337,46595,162,126,0.7777777777777778
deepseek-coder-v2-lite-instruct,humaneval_plus,r,163,163,206615,1267.5766871165645,1187,129158,792.3803680981595,750,77457,475.1963190184049,436,125337,86563,38774,,,,162,125,0.7716049382716049
deepseek-coder-v2-lite-instruct,humaneval_plus,sc_cpr,163,163,243276,1492.4907975460123,1427,134048,822.3803680981595,780,109228,670.1104294478528,649,161998,91453,70545,,,,163,99,0.6073619631901841
deepseek-coder-v2-lite-instruct,humaneval_plus,sc_cr,163,163,223919,1373.7361963190185,1275,132255,811.3803680981595,769,91664,562.3558282208589,509,142641,89660,52981,,,,162,121,0.7469135802469136
deepseek-coder-v2-lite-instruct,humaneval_plus,sc_dcpr,163,163,220237,1351.1472392638036,1259,140242,860.3803680981595,818,79995,490.76687116564415,440,138959,97647,41312,,,,162,125,0.7716049382716049
deepseek-coder-v2-lite-instruct,humaneval_plus,sc_dcr,163,163,218454,1340.2085889570553,1250,138775,851.3803680981595,809,79679,488.8282208588957,440,137176,96180,40996,,,,162,126,0.7777777777777778
deepseek-coder-v2-lite-instruct,humaneval_plus,sc_dr,163,163,215300,1320.8588957055215,1236,136493,837.3803680981595,795,78807,483.47852760736197,440,134022,93898,40124,,,,162,126,0.7777777777777778
deepseek-coder-v2-lite-instruct,mbpp_plus,cpr,378,378,715822,1893.7089947089946,1785.0,504519,1334.7063492063492,1266.0,211303,559.0026455026455,510.0,610211,441153,169058,,,,375,224,0.5973333333333334
deepseek-coder-v2-lite-instruct,mbpp_plus,cr,378,378,511711,1353.7328042328043,1276.0,351802,930.6931216931217,882.5,159909,423.03968253968253,383.5,406100,288436,117664,,,,375,236,0.6293333333333333
deepseek-coder-v2-lite-instruct,mbpp_plus,dcpr,378,378,205571,543.8386243386243,514.5,161794,428.02645502645504,406.0,43777,115.81216931216932,100.5,99960,98428,1532,99960,610211,510251,374,276,0.7379679144385026
deepseek-coder-v2-lite-instruct,mbpp_plus,dcr,378,378,205571,543.8386243386243,514.5,161794,428.02645502645504,406.0,43777,115.81216931216932,100.5,99960,98428,1532,99960,406100,306140,374,276,0.7379679144385026
deepseek-coder-v2-lite-instruct,mbpp_plus,direct,378,378,105611,279.3941798941799,264.5,63366,167.63492063492063,159.5,42245,111.75925925925925,96.5,0,0,0,,,,374,276,0.7379679144385026
deepseek-coder-v2-lite-instruct,mbpp_plus,dr,378,378,205571,543.8386243386243,514.5,161794,428.02645502645504,406.0,43777,115.81216931216932,100.5,99960,98428,1532,99960,160371,60411,374,276,0.7379679144385026
deepseek-coder-v2-lite-instruct,mbpp_plus,r,378,378,265982,703.6560846560847,655.0,181450,480.02645502645504,458.0,84532,223.62962962962962,193.0,160371,118084,42287,,,,374,277,0.7406417112299465
deepseek-coder-v2-lite-instruct,mbpp_plus,sc_cpr,378,378,282892,748.3915343915344,702.5,192790,510.02645502645504,488.0,90102,238.36507936507937,202.0,177281,129424,47857,,,,374,269,0.7192513368983957
deepseek-coder-v2-lite-instruct,mbpp_plus,sc_cr,378,378,274147,725.2566137566138,678.0,188632,499.02645502645504,477.0,85515,226.23015873015873,195.0,168536,125266,43270,,,,374,275,0.7352941176470589
deepseek-coder-v2-lite-instruct,mbpp_plus,sc_dcpr,378,378,299504,792.3386243386243,732.0,207154,548.026455026455,526.0,92350,244.31216931216932,204.0,193893,143788,50105,,,,374,269,0.7192513368983957
deepseek-coder-v2-lite-instruct,mbpp_plus,sc_dcr,378,378,295152,780.8253968253969,730.0,203752,539.026455026455,517.0,91400,241.7989417989418,205.0,189541,140386,49155,,,,374,271,0.7245989304812834
deepseek-coder-v2-lite-instruct,mbpp_plus,sc_dr,378,378,286580,758.1481481481482,709.0,198460,525.026455026455,503.0,88120,233.1216931216931,202.0,180969,135094,45875,,,,374,274,0.732620320855615
devstral-small-2-24b-instruct,bigcodebench_instruct,cpr,1136,1136,4369379,3846.2843309859154,3697.5,2831021,2492.0959507042253,2403.5,1538358,1354.1883802816901,1316.5,3826566,2544310,1282256,,,,1133,430,0.3795233892321271
devstral-small-2-24b-instruct,bigcodebench_instruct,cr,1136,1136,2997699,2638.819542253521,2515.0,1893981,1667.2367957746478,1587.0,1103718,971.5827464788732,914.0,2454886,1607270,847616,,,,1134,456,0.4021164021164021
devstral-small-2-24b-instruct,bigcodebench_instruct,dcpr,1136,1136,1241524,1092.8908450704225,891.0,922545,812.0994718309859,676.5,318979,280.7913732394366,212.5,698711,635834,62877,522275,3650130,3127855,1136,540,0.4753521126760563
devstral-small-2-24b-instruct,bigcodebench_instruct,dcr,1136,1136,1178710,1037.5968309859154,891.0,878722,773.5228873239437,676.5,299988,264.07394366197184,212.5,635897,592011,43886,522275,2341264,1818989,1136,538,0.4735915492957746
devstral-small-2-24b-instruct,bigcodebench_instruct,direct,1136,1136,542813,477.82834507042253,452.0,286711,252.38644366197184,236.0,256102,225.44190140845072,205.5,0,0,0,,,,1136,538,0.4735915492957746
devstral-small-2-24b-instruct,bigcodebench_instruct,dr,1136,1136,1105157,972.8494718309859,891.0,830666,731.2200704225352,676.5,274491,241.62940140845072,212.5,562344,543955,18389,522275,793154,270879,1136,540,0.4753521126760563
devstral-small-2-24b-instruct,bigcodebench_instruct,r,1136,1136,1376036,1211.2992957746478,1140.0,864740,761.2147887323944,725.5,511296,450.0845070422535,410.0,833223,578029,255194,,,,1136,542,0.477112676056338
devstral-small-2-24b-instruct,bigcodebench_instruct,sc_cpr,1136,1136,1410049,1241.2403169014085,1168.5,897684,790.2147887323944,754.5,512365,451.0255281690141,412.0,867236,610973,256263,,,,1136,541,0.4762323943661972
devstral-small-2-24b-instruct,bigcodebench_instruct,sc_cr,1136,1136,1399846,1232.2588028169014,1160.5,887460,781.2147887323944,745.5,512386,451.04401408450707,412.0,857033,600749,256284,,,,1136,544,0.4788732394366197
devstral-small-2-24b-instruct,bigcodebench_instruct,sc_dcpr,1136,1136,1478176,1301.2112676056338,1227.5,940852,828.2147887323944,792.5,537324,472.9964788732394,433.0,935363,654141,281222,,,,1135,538,0.47400881057268723
devstral-small-2-24b-instruct,bigcodebench_instruct,sc_dcr,1136,1136,1454845,1280.6734154929577,1209.0,931764,820.2147887323944,784.5,523081,460.4586267605634,419.0,912032,645053,266979,,,,1136,542,0.477112676056338
devstral-small-2-24b-instruct,bigcodebench_instruct,sc_dr,1136,1136,1437876,1265.7359154929577,1195.5,915860,806.2147887323944,770.5,522016,459.5211267605634,419.0,895063,629149,265914,,,,1136,542,0.477112676056338
devstral-small-2-24b-instruct,humaneval_plus,cpr,163,163,474383,2910.325153374233,2730,327094,2006.7116564417179,1911,147289,903.6134969325153,803,406135,288353,117782,,,,161,134,0.8322981366459627
devstral-small-2-24b-instruct,humaneval_plus,cr,163,163,334511,2052.2147239263804,1882,223175,1369.1717791411043,1270,111336,683.0429447852761,604,266263,184434,81829,,,,161,136,0.84472049689441
devstral-small-2-24b-instruct,humaneval_plus,dcpr,163,163,184393,1131.2453987730062,810,136710,838.7116564417178,611,47683,292.53374233128835,177,116145,97969,18176,65288,355278,289990,161,139,0.8633540372670807
devstral-small-2-24b-instruct,humaneval_plus,dcr,163,163,172075,1055.6748466257668,810,125646,770.8343558282209,611,46429,284.840490797546,177,103827,86905,16922,65288,227724,162436,161,140,0.8695652173913043
devstral-small-2-24b-instruct,humaneval_plus,direct,163,163,68248,418.6993865030675,400,38741,237.67484662576686,221,29507,181.0245398773006,167,0,0,0,,,,161,138,0.8571428571428571
devstral-small-2-24b-instruct,humaneval_plus,dr,163,163,147024,901.9877300613497,810,110083,675.3558282208589,611,36941,226.6319018404908,176,78776,71342,7434,65288,93768,28480,161,138,0.8571428571428571
devstral-small-2-24b-instruct,humaneval_plus,r,163,163,175504,1076.7116564417179,1008,112042,687.3742331288344,661,63462,389.33742331288346,342,107256,73301,33955,,,,161,141,0.8757763975155279
devstral-small-2-24b-instruct,humaneval_plus,sc_cpr,163,163,178073,1092.4723926380368,1050,116769,716.3742331288344,690,61304,376.09815950920245,348,109825,78028,31797,,,,161,141,0.8757763975155279
devstral-small-2-24b-instruct,humaneval_plus,sc_cr,163,163,175662,1077.6809815950921,1028,115302,707.3742331288344,681,60360,370.30674846625766,342,107414,76561,30853,,,,161,141,0.8757763975155279
devstral-small-2-24b-instruct,humaneval_plus,sc_dcpr,163,163,189998,1165.6319018404909,1094,122963,754.3742331288344,728,67035,411.25766871165644,355,121750,84222,37528,,,,161,137,0.8509316770186336
devstral-small-2-24b-instruct,humaneval_plus,sc_dcr,163,163,182526,1119.7914110429447,1076,121659,746.3742331288344,720,60867,373.4171779141104,351,114278,82918,31360,,,,161,141,0.8757763975155279
devstral-small-2-24b-instruct,humaneval_plus,sc_dr,163,163,179993,1104.2515337423313,1062,119377,732.3742331288344,706,60616,371.8773006134969,351,111745,80636,31109,,,,161,139,0.8633540372670807
devstral-small-2-24b-instruct,mbpp_plus,cpr,378,376,704542,1873.781914893617,1645.0,478977,1273.875,1186.0,225565,599.906914893617,478.0,615137,421653,193484,,,,377,253,0.6710875331564987
devstral-small-2-24b-instruct,mbpp_plus,cr,378,376,470198,1250.526595744681,1086.5,321276,854.4574468085107,779.0,148922,396.0691489361702,295.0,380793,263952,116841,,,,377,262,0.6949602122015915
devstral-small-2-24b-instruct,mbpp_plus,dcpr,378,376,221312,588.5957446808511,426.0,170432,453.27659574468083,348.0,50880,135.31914893617022,73.5,131907,113108,18799,82595,565825,483230,376,266,0.7074468085106383
devstral-small-2-24b-instruct,mbpp_plus,dcr,378,376,203136,540.2553191489362,426.0,158570,421.72872340425533,348.0,44566,118.52659574468085,73.5,113731,101246,12485,82595,349657,267062,376,267,0.7101063829787234
devstral-small-2-24b-instruct,mbpp_plus,direct,378,378,97922,259.0529100529101,219.0,57649,152.510582010582,145.0,40273,106.54232804232804,65.5,0,0,0,,,,377,264,0.7002652519893899
devstral-small-2-24b-instruct,mbpp_plus,dr,378,376,180875,481.0505319148936,426.0,144774,385.03723404255317,348.0,36101,96.01329787234043,72.5,91470,87450,4020,82595,123514,40919,377,264,0.7002652519893899
devstral-small-2-24b-instruct,mbpp_plus,r,378,376,221794,589.8776595744681,535.5,158385,421.23670212765956,400.0,63409,168.6409574468085,130.0,132389,101061,31328,,,,377,265,0.7029177718832891
devstral-small-2-24b-instruct,mbpp_plus,sc_cpr,378,376,233103,619.9547872340426,564.5,169289,450.23670212765956,429.0,63814,169.71808510638297,130.0,143698,111965,31733,,,,377,264,0.7002652519893899
devstral-small-2-24b-instruct,mbpp_plus,sc_cr,378,376,229551,610.5079787234042,555.5,165905,441.23670212765956,420.0,63646,169.2712765957447,131.0,140146,108581,31565,,,,377,265,0.7029177718832891
devstral-small-2-24b-instruct,mbpp_plus,sc_dcpr,378,376,256347,681.7739361702128,615.0,183577,488.23670212765956,467.0,72770,193.5372340425532,147.0,166942,126253,40689,,,,377,264,0.7002652519893899
devstral-small-2-24b-instruct,mbpp_plus,sc_dcr,378,376,247554,658.3882978723404,603.0,180569,480.23670212765956,459.0,66985,178.15159574468086,139.0,158149,123245,34904,,,,377,263,0.6976127320954907
devstral-small-2-24b-instruct,mbpp_plus,sc_dr,378,376,242260,644.3085106382979,590.0,175305,466.23670212765956,445.0,66955,178.0718085106383,139.0,152855,117981,34874,,,,377,266,0.7055702917771883
gemma-4-31b-it-qat-w4a16,bigcodebench_instruct,cpr,1136,1136,3917451,3448.4603873239435,3308.5,2797549,2462.631161971831,2363.5,1119902,985.8292253521126,937.0,3173576,2489349,684227,,,,1136,557,0.4903169014084507
gemma-4-31b-it-qat-w4a16,bigcodebench_instruct,cr,1136,1136,3050028,2684.8838028169016,2596.5,1992824,1754.2464788732395,1700.5,1057204,930.637323943662,899.0,2306153,1684624,621529,,,,1136,560,0.49295774647887325
gemma-4-31b-it-qat-w4a16,bigcodebench_instruct,dcpr,1136,1136,2096000,1845.0704225352113,1294.0,1504201,1324.1205985915492,904.0,591799,520.949823943662,384.0,1352125,1196001,156124,727804,2549255,1821451,1136,560,0.49295774647887325
gemma-4-31b-it-qat-w4a16,bigcodebench_instruct,dcr,1136,1136,1901789,1674.1100352112676,1294.0,1339370,1179.0228873239437,904.0,562419,495.08714788732397,384.0,1157914,1031170,126744,727804,1876043,1148239,1136,563,0.49559859154929575
gemma-4-31b-it-qat-w4a16,bigcodebench_instruct,direct,1136,1136,743875,654.8195422535211,630.0,308200,271.30281690140845,254.0,435675,383.5167253521127,365.0,0,0,0,,,,1136,569,0.5008802816901409
gemma-4-31b-it-qat-w4a16,bigcodebench_instruct,dr,1136,1136,1679712,1478.619718309859,1294.0,1167514,1027.7411971830986,904.0,512198,450.8785211267606,383.5,935837,859314,76523,727804,993424,265620,1136,569,0.5008802816901409
gemma-4-31b-it-qat-w4a16,bigcodebench_instruct,r,1136,1136,1945332,1712.4401408450703,1656.5,1088429,958.1241197183099,926.0,856903,754.3160211267606,725.5,1201457,780229,421228,,,,1136,574,0.5052816901408451
gemma-4-31b-it-qat-w4a16,bigcodebench_instruct,sc_cpr,1136,1136,1992714,1754.149647887324,1700.0,1121373,987.1241197183099,955.0,871341,767.0255281690141,738.0,1248839,813173,435666,,,,1136,572,0.5035211267605634
gemma-4-31b-it-qat-w4a16,bigcodebench_instruct,sc_cr,1136,1136,1982999,1745.5977112676057,1691.0,1108877,976.1241197183099,944.0,874122,769.4735915492957,744.0,1239124,800677,438447,,,,1136,570,0.5017605633802817
gemma-4-31b-it-qat-w4a16,bigcodebench_instruct,sc_dcpr,1136,1136,2041276,1796.8978873239437,1738.0,1163405,1024.1241197183099,992.0,877871,772.7737676056338,737.0,1297401,855205,442196,,,,1136,574,0.5052816901408451
gemma-4-31b-it-qat-w4a16,bigcodebench_instruct,sc_dcr,1136,1136,2028885,1785.9903169014085,1730.0,1153181,1015.1241197183099,983.0,875704,770.8661971830986,737.0,1285010,844981,440029,,,,1136,570,0.5017605633802817
gemma-4-31b-it-qat-w4a16,bigcodebench_instruct,sc_dr,1136,1136,2008864,1768.3661971830986,1713.5,1137277,1001.1241197183099,969.0,871587,767.2420774647887,732.0,1264989,829077,435912,,,,1136,572,0.5035211267605634
gemma-4-31b-it-qat-w4a16,humaneval_plus,cpr,163,163,431038,2644.40490797546,2410,320049,1963.4907975460123,1810,110989,680.9141104294479,585,347394,278243,69151,,,,161,151,0.937888198757764
gemma-4-31b-it-qat-w4a16,humaneval_plus,cr,163,163,340272,2087.558282208589,1896,233739,1433.9815950920245,1324,106533,653.5766871165645,579,256628,191933,64695,,,,161,151,0.937888198757764
gemma-4-31b-it-qat-w4a16,humaneval_plus,dcpr,163,163,210206,1289.6073619631902,964,155261,952.5214723926381,712,54945,337.0858895705521,241,126562,113455,13107,81350,302182,220832,161,154,0.9565217391304348
gemma-4-31b-it-qat-w4a16,humaneval_plus,dcr,163,163,198734,1219.2269938650306,964,145272,891.239263803681,712,53462,327.9877300613497,241,115090,103466,11624,81350,222888,141538,161,154,0.9565217391304348
gemma-4-31b-it-qat-w4a16,humaneval_plus,direct,163,163,83644,513.1533742331288,482,41806,256.47852760736197,239,41838,256.67484662576686,233,0,0,0,,,,161,156,0.968944099378882
gemma-4-31b-it-qat-w4a16,humaneval_plus,dr,163,163,178618,1095.8159509202453,964,131432,806.3312883435583,712,47186,289.4846625766871,241,94974,89626,5348,81350,117776,36426,161,156,0.968944099378882
gemma-4-31b-it-qat-w4a16,humaneval_plus,r,163,163,215044,1319.2883435582821,1245,130666,801.6319018404907,758,84378,517.6564417177914,486,131400,88860,42540,,,,161,155,0.9627329192546584
gemma-4-31b-it-qat-w4a16,humaneval_plus,sc_cpr,163,163,220620,1353.4969325153374,1277,135393,830.6319018404907,787,85227,522.8650306748466,486,136976,93587,43389,,,,161,155,0.9627329192546584
gemma-4-31b-it-qat-w4a16,humaneval_plus,sc_cr,163,163,218179,1338.521472392638,1263,133600,819.6319018404907,776,84579,518.8895705521472,486,134535,91794,42741,,,,161,155,0.9627329192546584
gemma-4-31b-it-qat-w4a16,humaneval_plus,sc_dcpr,163,163,226469,1389.3803680981596,1302,141424,867.6319018404907,824,85045,521.7484662576687,476,142825,99618,43207,,,,161,155,0.9627329192546584
gemma-4-31b-it-qat-w4a16,humaneval_plus,sc_dcr,163,163,225304,1382.2331288343557,1293,139957,858.6319018404907,815,85347,523.601226993865,481,141660,98151,43509,,,,161,155,0.9627329192546584
gemma-4-31b-it-qat-w4a16,humaneval_plus,sc_dr,163,163,222329,1363.9815950920245,1279,137675,844.6319018404907,801,84654,519.3496932515337,476,138685,95869,42816,,,,161,155,0.9627329192546584
gemma-4-31b-it-qat-w4a16,mbpp_plus,cpr,378,376,777504,2067.8297872340427,1643.5,561486,1493.313829787234,1264.5,216018,574.5159574468086,406.0,628960,499004,129956,,,,377,304,0.8063660477453581
gemma-4-31b-it-qat-w4a16,mbpp_plus,cr,378,376,615335,1636.529255319149,1294.5,402232,1069.7659574468084,921.5,213103,566.7632978723404,398.5,466791,339750,127041,,,,378,305,0.8068783068783069
gemma-4-31b-it-qat-w4a16,mbpp_plus,dcpr,378,376,398659,1060.2632978723404,678.0,284360,756.2765957446809,491.5,114299,303.98670212765956,181.0,250115,221878,28237,143254,522099,378845,377,307,0.8143236074270557
gemma-4-31b-it-qat-w4a16,mbpp_plus,dcr,378,376,370424,985.1702127659574,678.0,256198,681.3776595744681,491.5,114226,303.7925531914894,181.0,221880,193716,28164,143254,388165,244911,378,307,0.8121693121693122
gemma-4-31b-it-qat-w4a16,mbpp_plus,direct,378,378,153639,406.45238095238096,338.0,62787,166.1031746031746,158.0,90852,240.34920634920636,172.0,0,0,0,,,,377,303,0.8037135278514589
gemma-4-31b-it-qat-w4a16,mbpp_plus,dr,378,376,319524,849.7978723404256,678.0,225006,598.4202127659574,491.5,94518,251.37765957446808,181.0,170980,162524,8456,143254,207945,64691,377,307,0.8143236074270557
gemma-4-31b-it-qat-w4a16,mbpp_plus,r,378,376,384215,1021.8484042553191,882.5,223058,593.2393617021277,538.5,161157,428.6090425531915,340.5,235671,160576,75095,,,,377,307,0.8143236074270557
gemma-4-31b-it-qat-w4a16,mbpp_plus,sc_cpr,378,376,402524,1070.5425531914893,913.0,233962,622.2393617021277,567.5,168562,448.3031914893617,341.5,253980,171480,82500,,,,378,307,0.8121693121693122
gemma-4-31b-it-qat-w4a16,mbpp_plus,sc_cr,378,376,401116,1066.7978723404256,900.5,229826,611.2393617021277,556.5,171290,455.5585106382979,341.5,252572,167344,85228,,,,378,307,0.8121693121693122
gemma-4-31b-it-qat-w4a16,mbpp_plus,sc_dcpr,378,376,420623,1118.6781914893618,957.0,247874,659.2393617021277,604.5,172749,459.43882978723406,350.0,272079,185392,86687,,,,378,307,0.8121693121693122
gemma-4-31b-it-qat-w4a16,mbpp_plus,sc_dcr,378,376,417432,1110.1914893617022,948.0,244490,650.2393617021277,595.5,172942,459.95212765957444,351.0,268888,182008,86880,,,,378,307,0.8121693121693122
gemma-4-31b-it-qat-w4a16,mbpp_plus,sc_dr,378,376,410565,1091.9281914893618,934.0,239226,636.2393617021277,581.5,171339,455.68882978723406,350.0,262021,176744,85277,,,,378,309,0.8174603174603174
qwen2.5-coder-14b-instruct,bigcodebench_instruct,cpr,1136,1136,2897653,2550.75088028169,2350.0,2169407,1909.6892605633802,1798.0,728246,641.0616197183099,542.0,2349577,1861976,487601,,,,1135,553,0.48722466960352423
qwen2.5-coder-14b-instruct,bigcodebench_instruct,cr,1136,1136,2201473,1937.9163732394366,1821.0,1559711,1372.9850352112676,1302.0,641762,564.931338028169,510.0,1653397,1252280,401117,,,,1136,553,0.4867957746478873
qwen2.5-coder-14b-instruct,bigcodebench_instruct,dcpr,1136,1136,1287236,1133.130281690141,923.0,982732,865.080985915493,705.0,304504,268.0492957746479,213.0,739160,675301,63859,526258,2136675,1610417,1136,562,0.49471830985915494
qwen2.5-coder-14b-instruct,bigcodebench_instruct,dcr,1136,1136,1213857,1068.5360915492959,923.0,927968,816.8732394366198,705.0,285889,251.66285211267606,213.0,665781,620537,45244,526258,1513874,987616,1136,562,0.49471830985915494
qwen2.5-coder-14b-instruct,bigcodebench_instruct,direct,1136,1136,548076,482.4612676056338,463.0,307431,270.6258802816901,254.0,240645,211.83538732394365,204.0,0,0,0,,,,1136,558,0.49119718309859156
qwen2.5-coder-14b-instruct,bigcodebench_instruct,dr,1136,1136,1130385,995.0572183098592,923.0,868739,764.7350352112676,705.0,261646,230.32218309859155,213.0,582309,561308,21001,526258,762636,236378,1136,559,0.4920774647887324
qwen2.5-coder-14b-instruct,bigcodebench_instruct,r,1136,1136,1366763,1203.1364436619717,1162.0,887152,780.943661971831,745.5,479611,422.19278169014086,408.0,818687,579721,238966,,,,1136,559,0.4920774647887324
qwen2.5-coder-14b-instruct,bigcodebench_instruct,sc_cpr,1136,1136,1402298,1234.4172535211267,1193.0,921232,810.943661971831,775.5,481066,423.47359154929575,408.0,854222,613801,240421,,,,1136,561,0.49383802816901406
qwen2.5-coder-14b-instruct,bigcodebench_instruct,sc_cr,1136,1136,1390118,1223.6954225352113,1182.0,908736,799.943661971831,764.5,481382,423.7517605633803,408.0,842042,601305,240737,,,,1136,561,0.49383802816901406
qwen2.5-coder-14b-instruct,bigcodebench_instruct,sc_dcpr,1136,1136,1448058,1274.6989436619717,1233.5,959856,844.943661971831,809.5,488202,429.75528169014086,414.0,899982,652425,247557,,,,1136,560,0.49295774647887325
qwen2.5-coder-14b-instruct,bigcodebench_instruct,sc_dcr,1136,1136,1437436,1265.3485915492959,1224.0,949632,835.943661971831,800.5,487804,429.40492957746477,414.0,889360,642201,247159,,,,1136,561,0.49383802816901406
qwen2.5-coder-14b-instruct,bigcodebench_instruct,sc_dr,1136,1136,1420936,1250.8239436619717,1210.0,933728,821.943661971831,786.5,487208,428.88028169014086,414.0,872860,626297,246563,,,,1136,560,0.49295774647887325
qwen2.5-coder-14b-instruct,humaneval_plus,cpr,163,163,371684,2280.269938650307,2117,283010,1736.2576687116564,1643,88674,544.0122699386503,472,299394,241368,58026,,,,161,141,0.8757763975155279
qwen2.5-coder-14b-instruct,humaneval_plus,cr,163,163,283829,1741.282208588957,1652,204737,1256.0552147239264,1192,79092,485.2269938650307,440,211539,163095,48444,,,,161,139,0.8633540372670807
qwen2.5-coder-14b-instruct,humaneval_plus,dcpr,163,163,169592,1040.441717791411,843,130338,799.6196319018405,654,39254,240.82208588957056,183,97302,88696,8606,69184,271276,202092,161,145,0.9006211180124224
qwen2.5-coder-14b-instruct,humaneval_plus,dcr,163,163,159731,979.9447852760736,843,123088,755.1411042944785,654,36643,224.80368098159508,183,87441,81446,5995,69184,193282,124098,161,144,0.8944099378881988
qwen2.5-coder-14b-instruct,humaneval_plus,direct,163,163,72290,443.49693251533745,428,41642,255.4723926380368,240,30648,188.0245398773006,177,0,0,0,,,,161,142,0.8819875776397516
qwen2.5-coder-14b-instruct,humaneval_plus,dr,163,163,148801,912.8895705521472,841,115307,707.4049079754601,650,33494,205.48466257668713,181,76511,73665,2846,69184,99937,30753,161,143,0.8881987577639752
qwen2.5-coder-14b-instruct,humaneval_plus,r,163,163,179554,1101.558282208589,1062,118496,726.9693251533743,696,61058,374.58895705521473,352,107264,76854,30410,,,,161,142,0.8819875776397516
qwen2.5-coder-14b-instruct,humaneval_plus,sc_cpr,163,163,184992,1134.920245398773,1092,123386,756.9693251533743,726,61606,377.9509202453988,356,112702,81744,30958,,,,161,143,0.8881987577639752
qwen2.5-coder-14b-instruct,humaneval_plus,sc_cr,163,163,182761,1121.2331288343557,1081,121593,745.9693251533743,715,61168,375.2638036809816,354,110471,79951,30520,,,,161,141,0.8757763975155279
qwen2.5-coder-14b-instruct,humaneval_plus,sc_dcpr,163,163,191277,1173.478527607362,1132,128928,790.9693251533743,760,62349,382.5092024539877,360,118987,87286,31701,,,,161,143,0.8881987577639752
qwen2.5-coder-14b-instruct,humaneval_plus,sc_dcr,163,163,189758,1164.159509202454,1123,127461,781.9693251533743,751,62297,382.19018404907973,360,117468,85819,31649,,,,161,143,0.8881987577639752
qwen2.5-coder-14b-instruct,humaneval_plus,sc_dr,163,163,187321,1149.2085889570553,1109,125179,767.9693251533743,737,62142,381.23926380368096,360,115031,83537,31494,,,,161,144,0.8944099378881988
qwen2.5-coder-14b-instruct,mbpp_plus,cpr,378,378,607702,1607.6772486772486,1462.0,452843,1197.9973544973545,1118.5,154859,409.6798941798942,351.5,498572,387258,111314,,,,377,288,0.7639257294429708
qwen2.5-coder-14b-instruct,mbpp_plus,cr,378,378,468351,1239.0238095238096,1151.5,332599,879.8915343915344,834.0,135752,359.13227513227514,321.0,359221,267014,92207,,,,377,290,0.7692307692307693
qwen2.5-coder-14b-instruct,mbpp_plus,dcpr,378,378,250533,662.7857142857143,531.0,193645,512.2883597883598,423.0,56888,150.4973544973545,107.5,141403,128060,13343,101927,459096,357169,377,294,0.7798408488063661
qwen2.5-coder-14b-instruct,mbpp_plus,dcr,378,378,236340,625.2380952380952,531.0,183728,486.0529100529101,423.0,52612,139.1851851851852,107.5,127210,118143,9067,101927,333938,232011,377,296,0.7851458885941645
qwen2.5-coder-14b-instruct,mbpp_plus,direct,378,378,109130,288.7037037037037,271.0,65585,173.505291005291,165.5,43545,115.1984126984127,101.0,0,0,0,,,,377,287,0.7612732095490716
qwen2.5-coder-14b-instruct,mbpp_plus,dr,378,378,220287,582.7698412698413,531.0,172841,457.25132275132273,423.0,47446,125.51851851851852,107.0,111157,107256,3901,101927,153977,52050,377,290,0.7692307692307693
qwen2.5-coder-14b-instruct,mbpp_plus,r,378,378,272337,720.468253968254,672.5,185299,490.20899470899474,470.5,87038,230.25925925925927,202.0,163207,119714,43493,,,,377,290,0.7692307692307693
qwen2.5-coder-14b-instruct,mbpp_plus,sc_cpr,378,378,283778,750.7354497354497,702.0,196639,520.2089947089947,500.5,87139,230.52645502645504,202.0,174648,131054,43594,,,,377,293,0.7771883289124668
qwen2.5-coder-14b-instruct,mbpp_plus,sc_cr,378,378,279655,739.8280423280423,691.5,192481,509.20899470899474,489.5,87174,230.61904761904762,202.0,170525,126896,43629,,,,377,294,0.7798408488063661
qwen2.5-coder-14b-instruct,mbpp_plus,sc_dcpr,378,378,299169,791.452380952381,742.5,209491,554.2089947089947,534.5,89678,237.24338624338625,209.0,190039,143906,46133,,,,377,292,0.7745358090185677
qwen2.5-coder-14b-instruct,mbpp_plus,sc_dcr,378,378,295553,781.8862433862433,733.5,206089,545.2089947089947,525.5,89464,236.67724867724868,208.0,186423,140504,45919,,,,377,289,0.76657824933687
qwen2.5-coder-14b-instruct,mbpp_plus,sc_dr,378,378,290266,767.8994708994709,719.0,200797,531.2089947089947,511.5,89469,236.6904761904762,208.0,181136,135212,45924,,,,377,291,0.7718832891246684
qwen2.5-coder-7b-instruct,bigcodebench_instruct,cpr,1136,1136,2871748,2527.9471830985917,2237.0,2138258,1882.269366197183,1724.0,733490,645.6778169014085,500.0,2358146,1830827,527319,,,,1136,470,0.4137323943661972
qwen2.5-coder-7b-instruct,bigcodebench_instruct,cr,1136,1136,2168251,1908.6716549295775,1732.5,1542218,1357.5862676056338,1257.5,626033,551.0853873239437,467.5,1654649,1234787,419862,,,,1136,472,0.4154929577464789
qwen2.5-coder-7b-instruct,bigcodebench_instruct,dcpr,1136,1136,1209120,1064.3661971830986,861.0,938186,825.8679577464789,674.0,270934,238.4982394366197,182.0,695518,630755,64763,491953,2154581,1662628,1136,471,0.414612676056338
qwen2.5-coder-7b-instruct,bigcodebench_instruct,dcr,1136,1136,1142731,1005.925176056338,861.0,889677,783.1663732394367,674.0,253054,222.7588028169014,182.0,629129,582246,46883,491953,1517473,1025520,1136,472,0.4154929577464789
qwen2.5-coder-7b-instruct,bigcodebench_instruct,direct,1136,1136,513602,452.11443661971833,431.0,307431,270.6258802816901,254.0,206171,181.48855633802816,171.0,0,0,0,,,,1136,466,0.4102112676056338
qwen2.5-coder-7b-instruct,bigcodebench_instruct,dr,1136,1136,1051582,925.6883802816901,861.0,829040,729.7887323943662,674.0,222542,195.89964788732394,181.5,537980,521609,16371,491953,705924,213971,1136,471,0.414612676056338
qwen2.5-coder-7b-instruct,bigcodebench_instruct,r,1136,1136,1265553,1114.043133802817,1064.5,852841,750.7403169014085,714.5,412712,363.30281690140845,342.0,751951,545410,206541,,,,1136,477,0.4198943661971831
qwen2.5-coder-7b-instruct,bigcodebench_instruct,sc_cpr,1136,1136,1299843,1144.2279929577464,1094.5,886921,780.7403169014085,744.5,412922,363.48767605633805,342.0,786241,579490,206751,,,,1136,477,0.4198943661971831
qwen2.5-coder-7b-instruct,bigcodebench_instruct,sc_cr,1136,1136,1287598,1133.4489436619717,1084.5,874425,769.7403169014085,733.5,413173,363.7086267605634,342.0,773996,566994,207002,,,,1136,475,0.41813380281690143
qwen2.5-coder-7b-instruct,bigcodebench_instruct,sc_dcpr,1136,1136,1367451,1203.7420774647887,1150.0,925545,814.7403169014085,778.5,441906,389.0017605633803,368.0,853849,618114,235735,,,,1136,471,0.414612676056338
qwen2.5-coder-7b-instruct,bigcodebench_instruct,sc_dcr,1136,1136,1336268,1176.2922535211267,1127.0,915321,805.7403169014085,769.5,420947,370.55193661971833,350.0,822666,607890,214776,,,,1136,475,0.41813380281690143
qwen2.5-coder-7b-instruct,bigcodebench_instruct,sc_dr,1136,1136,1318852,1160.9612676056338,1111.5,899417,791.7403169014085,755.5,419435,369.22095070422534,349.0,805250,591986,213264,,,,1136,474,0.41725352112676056
qwen2.5-coder-7b-instruct,humaneval_plus,cpr,163,163,340632,2089.7668711656443,1921,264397,1622.0674846625766,1539,76235,467.6993865030675,398,274255,222755,51500,,,,162,135,0.8333333333333334
qwen2.5-coder-7b-instruct,humaneval_plus,cr,163,163,259929,1594.6564417177915,1503,191825,1176.840490797546,1125,68104,417.81595092024537,383,193552,150183,43369,,,,161,135,0.8385093167701864
qwen2.5-coder-7b-instruct,humaneval_plus,dcpr,163,163,140830,863.9877300613497,769,112452,689.8895705521472,618,28378,174.09815950920245,148,74453,70810,3643,63275,263077,199802,161,140,0.8695652173913043
qwen2.5-coder-7b-instruct,humaneval_plus,dcr,163,163,136544,837.6932515337423,769,109388,671.0920245398773,618,27156,166.60122699386503,148,70167,67746,2421,63275,186660,123385,161,140,0.8695652173913043
qwen2.5-coder-7b-instruct,humaneval_plus,direct,163,163,66377,407.22085889570553,389,41642,255.4723926380368,240,24735,151.74846625766872,139,0,0,0,,,,161,140,0.8695652173913043
qwen2.5-coder-7b-instruct,humaneval_plus,dr,163,163,132252,811.361963190184,759,106352,652.4662576687117,618,25900,158.8957055214724,145,65875,64710,1165,63275,93297,30022,161,141,0.8757763975155279
qwen2.5-coder-7b-instruct,humaneval_plus,r,163,163,162274,995.5460122699386,947,112583,690.6932515337423,665,49691,304.85276073619633,280,95897,70941,24956,,,,161,140,0.8695652173913043
qwen2.5-coder-7b-instruct,humaneval_plus,sc_cpr,163,163,166938,1024.159509202454,972,117473,720.6932515337423,695,49465,303.46625766871165,278,100561,75831,24730,,,,161,139,0.8633540372670807
qwen2.5-coder-7b-instruct,humaneval_plus,sc_cr,163,163,165188,1013.4233128834355,961,115680,709.6932515337423,684,49508,303.73006134969324,278,98811,74038,24773,,,,161,139,0.8633540372670807
qwen2.5-coder-7b-instruct,humaneval_plus,sc_dcpr,163,163,175245,1075.122699386503,1012,123015,754.6932515337423,729,52230,320.42944785276075,298,108868,81373,27495,,,,161,140,0.8695652173913043
qwen2.5-coder-7b-instruct,humaneval_plus,sc_dcr,163,163,172559,1058.644171779141,1003,121548,745.6932515337423,720,51011,312.9509202453988,286,106182,79906,26276,,,,161,140,0.8695652173913043
qwen2.5-coder-7b-instruct,humaneval_plus,sc_dr,163,163,169714,1041.1901840490798,989,119266,731.6932515337423,706,50448,309.49693251533745,284,103337,77624,25713,,,,161,141,0.8757763975155279
qwen2.5-coder-7b-instruct,mbpp_plus,cpr,378,378,570495,1509.2460317460318,1399.5,433450,1146.6931216931216,1079.5,137045,362.5529100529101,308.5,463565,367865,95700,,,,374,275,0.7352941176470589
qwen2.5-coder-7b-instruct,mbpp_plus,cr,378,378,437851,1158.335978835979,1095.5,317330,839.4973544973545,796.5,120521,318.83862433862436,285.5,330921,251745,79176,,,,374,277,0.7406417112299465
qwen2.5-coder-7b-instruct,mbpp_plus,dcpr,378,378,255588,676.1587301587301,524.0,197005,521.1772486772487,417.5,58583,154.9814814814815,106.5,148658,131420,17238,99724,414631,314907,375,280,0.7466666666666667
qwen2.5-coder-7b-instruct,mbpp_plus,dcr,378,378,239659,634.0185185185185,524.0,185779,491.478835978836,417.5,53880,142.53968253968253,106.5,132729,120194,12535,99724,297916,198192,375,280,0.7466666666666667
qwen2.5-coder-7b-instruct,mbpp_plus,direct,378,378,106930,282.8835978835979,266.0,65585,173.505291005291,165.5,41345,109.37830687830687,99.0,0,0,0,,,,375,278,0.7413333333333333
qwen2.5-coder-7b-instruct,mbpp_plus,dr,378,378,216981,574.0238095238095,524.0,171396,453.42857142857144,417.5,45585,120.5952380952381,105.5,110051,105811,4240,99724,148549,48825,375,279,0.744
qwen2.5-coder-7b-instruct,mbpp_plus,r,378,378,265806,703.1904761904761,658.0,183099,484.3888888888889,460.5,82707,218.8015873015873,198.0,158876,117514,41362,,,,375,279,0.744
qwen2.5-coder-7b-instruct,mbpp_plus,sc_cpr,378,378,277272,733.5238095238095,688.0,194439,514.3888888888889,490.5,82833,219.13492063492063,198.0,170342,128854,41488,,,,375,277,0.7386666666666667
qwen2.5-coder-7b-instruct,mbpp_plus,sc_cr,378,378,273159,722.6428571428571,677.5,190281,503.3888888888889,479.5,82878,219.25396825396825,198.0,166229,124696,41533,,,,375,277,0.7386666666666667
qwen2.5-coder-7b-instruct,mbpp_plus,sc_dcpr,378,378,296004,783.0793650793651,741.5,207291,548.3888888888889,524.5,88713,234.6904761904762,210.0,189074,141706,47368,,,,373,277,0.7426273458445041
qwen2.5-coder-7b-instruct,mbpp_plus,sc_dcr,378,378,289327,765.4153439153439,722.5,203889,539.3888888888889,515.5,85438,226.02645502645504,206.0,182397,138304,44093,,,,375,280,0.7466666666666667
qwen2.5-coder-7b-instruct,mbpp_plus,sc_dr,378,378,283615,750.3042328042328,705.5,198597,525.3888888888889,501.5,85018,224.91534391534393,204.0,176685,133012,43673,,,,375,279,0.744
qwen3-coder-30b-a3b-instruct-fp8,bigcodebench_instruct,cpr,1136,1135,5144178,4532.315418502202,4088,3174816,2797.1947136563876,2574,1969362,1735.120704845815,1520,4582870,2891648,1691222,,,,1135,398,0.35066079295154184
qwen3-coder-30b-a3b-instruct-fp8,bigcodebench_instruct,cr,1136,1135,3798355,3346.568281938326,2914,2243278,1976.4563876651982,1766,1555077,1370.1118942731277,1143,3237047,1960110,1276937,,,,1135,429,0.37797356828193834
qwen3-coder-30b-a3b-instruct-fp8,bigcodebench_instruct,dcpr,1136,1135,2183155,1923.4845814977973,995,1522873,1341.7383259911894,737,660282,581.7462555066079,258,1621847,1239705,382142,540939,3501962,2961023,1135,544,0.479295154185022
qwen3-coder-30b-a3b-instruct-fp8,bigcodebench_instruct,dcr,1136,1135,1860989,1639.637885462555,995,1289857,1136.437885462555,737,571132,503.2,258,1299681,1006689,292992,540939,2478305,1937366,1135,545,0.4801762114537445
qwen3-coder-30b-a3b-instruct-fp8,bigcodebench_instruct,direct,1136,1136,565811,498.07306338028167,467.0,283575,249.62588028169014,233.0,282236,248.44718309859155,229.5,0,0,0,,,,1136,562,0.49471830985915494
qwen3-coder-30b-a3b-instruct-fp8,bigcodebench_instruct,dr,1136,1135,1332578,1174.0775330396475,993,972192,856.5568281938326,735,360386,317.520704845815,255,771270,689024,82246,540939,637458,96519,1136,565,0.49735915492957744
qwen3-coder-30b-a3b-instruct-fp8,bigcodebench_instruct,r,1136,1135,1429097,1259.1162995594714,1190,875777,771.6096916299559,733,553320,487.50660792951544,458,867789,592609,275180,,,,1136,566,0.4982394366197183
qwen3-coder-30b-a3b-instruct-fp8,bigcodebench_instruct,sc_cpr,1136,1135,1510789,1331.0916299559472,1280,909827,801.6096916299559,763,600962,529.4819383259912,504,949481,626659,322822,,,,1136,563,0.49559859154929575
qwen3-coder-30b-a3b-instruct-fp8,bigcodebench_instruct,sc_cr,1136,1135,1455246,1282.1550660792952,1213,897342,790.6096916299559,752,557904,491.5453744493392,464,893938,614174,279764,,,,1136,564,0.4964788732394366
qwen3-coder-30b-a3b-instruct-fp8,bigcodebench_instruct,sc_dcpr,1136,1135,1566453,1380.1348017621146,1312,948417,835.6096916299559,797,618036,544.5251101321586,506,1005145,665249,339896,,,,1136,550,0.4841549295774648
qwen3-coder-30b-a3b-instruct-fp8,bigcodebench_instruct,sc_dcr,1136,1135,1507529,1328.2193832599119,1262,938202,826.6096916299559,788,569327,501.60969162995593,474,946221,655034,291187,,,,1136,562,0.49471830985915494
qwen3-coder-30b-a3b-instruct-fp8,bigcodebench_instruct,sc_dr,1136,1135,1483741,1307.2607929515418,1238,922312,812.6096916299559,774,561429,494.6511013215859,466,922433,639144,283289,,,,1136,561,0.49383802816901406
qwen3-coder-30b-a3b-instruct-fp8,humaneval_plus,cpr,163,161,520969,3235.832298136646,3005,347321,2157.273291925466,2004,173648,1078.55900621118,1001,448399,309828,138571,,,,161,127,0.7888198757763976
qwen3-coder-30b-a3b-instruct-fp8,humaneval_plus,cr,163,161,387019,2403.8447204968943,2168,245858,1527.0683229813665,1401,141161,876.776397515528,769,314449,208365,106084,,,,161,133,0.8260869565217391
qwen3-coder-30b-a3b-instruct-fp8,humaneval_plus,dcpr,163,161,203508,1264.024844720497,827,146627,910.7267080745341,619,56881,353.29813664596276,195,130938,109134,21804,67650,385111,317461,160,136,0.85
qwen3-coder-30b-a3b-instruct-fp8,humaneval_plus,dcr,163,161,186508,1158.4347826086957,827,133000,826.0869565217391,619,53508,332.3478260869565,195,113938,95507,18431,67650,268161,200511,160,136,0.85
qwen3-coder-30b-a3b-instruct-fp8,humaneval_plus,direct,163,163,81488,499.92638036809814,423,38219,234.4723926380368,219,43269,265.4539877300613,191,0,0,0,,,,161,138,0.8571428571428571
qwen3-coder-30b-a3b-instruct-fp8,humaneval_plus,dr,163,161,154030,956.7080745341615,827,113854,707.1677018633541,619,40176,249.54037267080744,195,81460,76361,5099,67650,94642,26992,160,138,0.8625
qwen3-coder-30b-a3b-instruct-fp8,humaneval_plus,r,163,161,181022,1124.3602484472049,1050,112663,699.7701863354038,670,68359,424.5900621118012,382,108452,75170,33282,,,,160,138,0.8625
qwen3-coder-30b-a3b-instruct-fp8,humaneval_plus,sc_cpr,163,161,250017,1552.9006211180124,1443,117493,729.7701863354038,700,132524,823.1304347826087,699,177447,80000,97447,,,,161,136,0.84472049689441
qwen3-coder-30b-a3b-instruct-fp8,humaneval_plus,sc_cr,163,161,197547,1227.0,1133,115722,718.7701863354038,689,81825,508.2298136645963,429,124977,78229,46748,,,,162,139,0.8580246913580247
qwen3-coder-30b-a3b-instruct-fp8,humaneval_plus,sc_dcpr,163,161,197243,1225.111801242236,1124,122967,763.7701863354038,734,74276,461.3416149068323,390,124673,85474,39199,,,,160,137,0.85625
qwen3-coder-30b-a3b-instruct-fp8,humaneval_plus,sc_dcr,163,161,193738,1203.3416149068323,1115,121518,754.7701863354038,725,72220,448.57142857142856,389,121168,84025,37143,,,,160,136,0.85
qwen3-coder-30b-a3b-instruct-fp8,humaneval_plus,sc_dr,163,161,188528,1170.9813664596272,1094,119264,740.7701863354038,711,69264,430.2111801242236,388,115958,81771,34187,,,,160,138,0.8625
qwen3-coder-30b-a3b-instruct-fp8,mbpp_plus,cpr,378,378,896005,2370.3835978835978,2249.5,579073,1531.9391534391534,1467.5,316932,838.4444444444445,774.5,769037,521426,247611,,,,376,245,0.651595744680851
qwen3-coder-30b-a3b-instruct-fp8,mbpp_plus,cr,378,378,658446,1741.920634920635,1616.5,401832,1063.047619047619,1015.0,256614,678.8730158730159,595.5,531478,344185,187293,,,,376,252,0.6702127659574468
qwen3-coder-30b-a3b-instruct-fp8,mbpp_plus,dcpr,378,378,363943,962.8121693121693,596.0,250438,662.5343915343915,432.0,113505,300.27777777777777,155.0,236975,192791,44184,109842,641904,532062,377,282,0.7480106100795756
qwen3-coder-30b-a3b-instruct-fp8,mbpp_plus,dcr,378,378,327928,867.5343915343915,596.0,219853,581.6216931216932,432.0,108075,285.91269841269843,155.0,200960,162206,38754,109842,440360,330518,377,285,0.7559681697612732
qwen3-coder-30b-a3b-instruct-fp8,mbpp_plus,direct,378,378,126968,335.8941798941799,296.5,57647,152.505291005291,144.5,69321,183.38888888888889,142.0,0,0,0,,,,377,287,0.7612732095490716
qwen3-coder-30b-a3b-instruct-fp8,mbpp_plus,dr,378,378,269665,713.3994708994709,592.0,184816,488.9312169312169,432.0,84849,224.46825396825398,152.5,142697,127169,15528,109842,155855,46013,377,287,0.7612732095490716
qwen3-coder-30b-a3b-instruct-fp8,mbpp_plus,r,378,378,315678,835.1269841269841,764.5,184515,488.13492063492066,469.0,131163,346.9920634920635,284.0,188710,126868,61842,,,,377,287,0.7612732095490716
qwen3-coder-30b-a3b-instruct-fp8,mbpp_plus,sc_cpr,378,378,450329,1191.3465608465608,1082.5,195855,518.1349206349206,499.0,254474,673.2116402116402,575.5,323361,138208,185153,,,,378,280,0.7407407407407407
qwen3-coder-30b-a3b-instruct-fp8,mbpp_plus,sc_cr,378,378,376066,994.8835978835979,839.0,191697,507.13492063492066,488.0,184369,487.74867724867727,336.0,249098,134050,115048,,,,377,284,0.753315649867374
qwen3-coder-30b-a3b-instruct-fp8,mbpp_plus,sc_dcpr,378,378,357152,944.8465608465608,855.5,208707,552.1349206349206,533.0,148445,392.7116402116402,305.0,230184,151060,79124,,,,378,284,0.7513227513227513
qwen3-coder-30b-a3b-instruct-fp8,mbpp_plus,sc_dcr,378,378,347621,919.6322751322751,842.0,205305,543.1349206349206,524.0,142316,376.4973544973545,300.5,220653,147658,72995,,,,376,278,0.7393617021276596
qwen3-coder-30b-a3b-instruct-fp8,mbpp_plus,sc_dr,378,378,337472,892.7830687830688,811.5,200013,529.1349206349206,510.0,137459,363.64814814814815,292.0,210504,142366,68138,,,,377,285,0.7559681697612732
