model_id,benchmark_id,contrast,side,protocol,common_complete_tasks,repair,repair_rate,regression,regression_rate,functional_preservation,unrepaired_failure
deepseek-coder-v2-lite-instruct,bigcodebench_instruct,cr:sc_cr,multi_call,cr,1070,31,0.047400611620795105,91,0.21875,325,623
deepseek-coder-v2-lite-instruct,bigcodebench_instruct,cr:sc_cr,single_call,sc_cr,1070,7,0.010703363914373088,10,0.02403846153846154,406,647
deepseek-coder-v2-lite-instruct,bigcodebench_instruct,cpr:sc_cpr,multi_call,cpr,641,19,0.04871794871794872,63,0.250996015936255,188,371
deepseek-coder-v2-lite-instruct,bigcodebench_instruct,cpr:sc_cpr,single_call,sc_cpr,641,6,0.015384615384615385,7,0.027888446215139442,244,384
deepseek-coder-v2-lite-instruct,bigcodebench_instruct,dr:sc_dr,multi_call,dr,1128,0,0.0,0,0.0,435,693
deepseek-coder-v2-lite-instruct,bigcodebench_instruct,dr:sc_dr,single_call,sc_dr,1128,6,0.008658008658008658,6,0.013793103448275862,429,687
deepseek-coder-v2-lite-instruct,bigcodebench_instruct,dcr:sc_dcr,multi_call,dcr,1123,0,0.0,0,0.0,434,689
deepseek-coder-v2-lite-instruct,bigcodebench_instruct,dcr:sc_dcr,single_call,sc_dcr,1123,5,0.00725689404934688,7,0.016129032258064516,427,684
deepseek-coder-v2-lite-instruct,bigcodebench_instruct,dcpr:sc_dcpr,multi_call,dcpr,1110,0,0.0,0,0.0,428,682
deepseek-coder-v2-lite-instruct,bigcodebench_instruct,dcpr:sc_dcpr,single_call,sc_dcpr,1110,4,0.005865102639296188,7,0.016355140186915886,421,678
deepseek-coder-v2-lite-instruct,humaneval_plus,cr:sc_cr,multi_call,cr,153,6,0.18181818181818182,15,0.125,105,27
deepseek-coder-v2-lite-instruct,humaneval_plus,cr:sc_cr,single_call,sc_cr,153,2,0.06060606060606061,1,0.008333333333333333,119,31
deepseek-coder-v2-lite-instruct,humaneval_plus,cpr:sc_cpr,multi_call,cpr,127,6,0.24,18,0.17647058823529413,84,19
deepseek-coder-v2-lite-instruct,humaneval_plus,cpr:sc_cpr,single_call,sc_cpr,127,3,0.12,6,0.058823529411764705,96,22
deepseek-coder-v2-lite-instruct,humaneval_plus,dr:sc_dr,multi_call,dr,162,0,0.0,0,0.0,126,36
deepseek-coder-v2-lite-instruct,humaneval_plus,dr:sc_dr,single_call,sc_dr,162,0,0.0,0,0.0,126,36
deepseek-coder-v2-lite-instruct,humaneval_plus,dcr:sc_dcr,multi_call,dcr,161,0,0.0,0,0.0,126,35
deepseek-coder-v2-lite-instruct,humaneval_plus,dcr:sc_dcr,single_call,sc_dcr,161,1,0.02857142857142857,1,0.007936507936507936,125,34
deepseek-coder-v2-lite-instruct,humaneval_plus,dcpr:sc_dcpr,multi_call,dcpr,160,0,0.0,0,0.0,126,34
deepseek-coder-v2-lite-instruct,humaneval_plus,dcpr:sc_dcpr,single_call,sc_dcpr,160,0,0.0,1,0.007936507936507936,125,34
deepseek-coder-v2-lite-instruct,mbpp_plus,cr:sc_cr,multi_call,cr,373,11,0.1134020618556701,52,0.18840579710144928,224,86
deepseek-coder-v2-lite-instruct,mbpp_plus,cr:sc_cr,single_call,sc_cr,373,5,0.05154639175257732,6,0.021739130434782608,270,92
deepseek-coder-v2-lite-instruct,mbpp_plus,cpr:sc_cpr,multi_call,cpr,365,5,0.052083333333333336,55,0.20446096654275092,214,91
deepseek-coder-v2-lite-instruct,mbpp_plus,cpr:sc_cpr,single_call,sc_cpr,365,3,0.03125,3,0.011152416356877323,266,93
deepseek-coder-v2-lite-instruct,mbpp_plus,dr:sc_dr,multi_call,dr,373,0,0.0,0,0.0,276,97
deepseek-coder-v2-lite-instruct,mbpp_plus,dr:sc_dr,single_call,sc_dr,373,2,0.020618556701030927,4,0.014492753623188406,272,95
deepseek-coder-v2-lite-instruct,mbpp_plus,dcr:sc_dcr,multi_call,dcr,365,0,0.0,0,0.0,271,94
deepseek-coder-v2-lite-instruct,mbpp_plus,dcr:sc_dcr,single_call,sc_dcr,365,3,0.031914893617021274,3,0.01107011070110701,268,91
deepseek-coder-v2-lite-instruct,mbpp_plus,dcpr:sc_dcpr,multi_call,dcpr,362,0,0.0,0,0.0,270,92
deepseek-coder-v2-lite-instruct,mbpp_plus,dcpr:sc_dcpr,single_call,sc_dcpr,362,2,0.021739130434782608,3,0.011111111111111112,267,90
devstral-small-2-24b-instruct,bigcodebench_instruct,cr:sc_cr,multi_call,cr,1134,28,0.04690117252931323,109,0.20297951582867785,428,569
devstral-small-2-24b-instruct,bigcodebench_instruct,cr:sc_cr,single_call,sc_cr,1134,13,0.021775544388609715,7,0.01303538175046555,530,584
devstral-small-2-24b-instruct,bigcodebench_instruct,cpr:sc_cpr,multi_call,cpr,1133,31,0.052100840336134456,139,0.258364312267658,399,564
devstral-small-2-24b-instruct,bigcodebench_instruct,cpr:sc_cpr,single_call,sc_cpr,1133,12,0.020168067226890758,9,0.016728624535315983,529,583
devstral-small-2-24b-instruct,bigcodebench_instruct,dr:sc_dr,multi_call,dr,1136,3,0.005016722408026756,1,0.0018587360594795538,537,595
devstral-small-2-24b-instruct,bigcodebench_instruct,dr:sc_dr,single_call,sc_dr,1136,9,0.015050167224080268,5,0.00929368029739777,533,589
devstral-small-2-24b-instruct,bigcodebench_instruct,dcr:sc_dcr,multi_call,dcr,1136,2,0.0033444816053511705,2,0.0037174721189591076,536,596
devstral-small-2-24b-instruct,bigcodebench_instruct,dcr:sc_dcr,single_call,sc_dcr,1136,12,0.020066889632107024,8,0.01486988847583643,530,586
devstral-small-2-24b-instruct,bigcodebench_instruct,dcpr:sc_dcpr,multi_call,dcpr,1135,4,0.006700167504187605,2,0.0037174721189591076,536,593
devstral-small-2-24b-instruct,bigcodebench_instruct,dcpr:sc_dcpr,single_call,sc_dcpr,1135,15,0.02512562814070352,15,0.027881040892193308,523,582
devstral-small-2-24b-instruct,humaneval_plus,cr:sc_cr,multi_call,cr,160,7,0.3181818181818182,9,0.06521739130434782,129,15
devstral-small-2-24b-instruct,humaneval_plus,cr:sc_cr,single_call,sc_cr,160,3,0.13636363636363635,0,0.0,138,19
devstral-small-2-24b-instruct,humaneval_plus,cpr:sc_cpr,multi_call,cpr,161,7,0.30434782608695654,11,0.07971014492753623,127,16
devstral-small-2-24b-instruct,humaneval_plus,cpr:sc_cpr,single_call,sc_cpr,161,3,0.13043478260869565,0,0.0,138,20
devstral-small-2-24b-instruct,humaneval_plus,dr:sc_dr,multi_call,dr,160,0,0.0,0,0.0,138,22
devstral-small-2-24b-instruct,humaneval_plus,dr:sc_dr,single_call,sc_dr,160,2,0.09090909090909091,1,0.007246376811594203,137,20
devstral-small-2-24b-instruct,humaneval_plus,dcr:sc_dcr,multi_call,dcr,160,2,0.09090909090909091,0,0.0,138,20
devstral-small-2-24b-instruct,humaneval_plus,dcr:sc_dcr,single_call,sc_dcr,160,3,0.13636363636363635,0,0.0,138,19
devstral-small-2-24b-instruct,humaneval_plus,dcpr:sc_dcpr,multi_call,dcpr,158,2,0.09090909090909091,1,0.007352941176470588,135,20
devstral-small-2-24b-instruct,humaneval_plus,dcpr:sc_dcpr,single_call,sc_dcpr,158,4,0.18181818181818182,3,0.022058823529411766,133,18
devstral-small-2-24b-instruct,mbpp_plus,cr:sc_cr,multi_call,cr,374,12,0.10909090909090909,14,0.05303030303030303,250,98
devstral-small-2-24b-instruct,mbpp_plus,cr:sc_cr,single_call,sc_cr,374,3,0.02727272727272727,2,0.007575757575757576,262,107
devstral-small-2-24b-instruct,mbpp_plus,cpr:sc_cpr,multi_call,cpr,374,11,0.1,22,0.08333333333333333,242,99
devstral-small-2-24b-instruct,mbpp_plus,cpr:sc_cpr,single_call,sc_cpr,374,3,0.02727272727272727,3,0.011363636363636364,261,107
devstral-small-2-24b-instruct,mbpp_plus,dr:sc_dr,multi_call,dr,375,0,0.0,0,0.0,264,111
devstral-small-2-24b-instruct,mbpp_plus,dr:sc_dr,single_call,sc_dr,375,5,0.04504504504504504,3,0.011363636363636364,261,106
devstral-small-2-24b-instruct,mbpp_plus,dcr:sc_dcr,multi_call,dcr,374,4,0.03636363636363636,1,0.003787878787878788,263,106
devstral-small-2-24b-instruct,mbpp_plus,dcr:sc_dcr,single_call,sc_dcr,374,5,0.045454545454545456,6,0.022727272727272728,258,105
devstral-small-2-24b-instruct,mbpp_plus,dcpr:sc_dcpr,multi_call,dcpr,372,4,0.03669724770642202,2,0.0076045627376425855,261,105
devstral-small-2-24b-instruct,mbpp_plus,dcpr:sc_dcpr,single_call,sc_dcpr,372,9,0.08256880733944955,8,0.030418250950570342,255,100
gemma-4-31b-it-qat-w4a16,bigcodebench_instruct,cr:sc_cr,multi_call,cr,1135,14,0.024734982332155476,23,0.040421792618629174,546,552
gemma-4-31b-it-qat-w4a16,bigcodebench_instruct,cr:sc_cr,single_call,sc_cr,1135,11,0.019434628975265017,10,0.01757469244288225,559,555
gemma-4-31b-it-qat-w4a16,bigcodebench_instruct,cpr:sc_cpr,multi_call,cpr,1135,14,0.024734982332155476,26,0.04569420035149385,543,552
gemma-4-31b-it-qat-w4a16,bigcodebench_instruct,cpr:sc_cpr,single_call,sc_cpr,1135,11,0.019434628975265017,8,0.014059753954305799,561,555
gemma-4-31b-it-qat-w4a16,bigcodebench_instruct,dr:sc_dr,multi_call,dr,1136,2,0.003527336860670194,2,0.0035149384885764497,567,565
gemma-4-31b-it-qat-w4a16,bigcodebench_instruct,dr:sc_dr,single_call,sc_dr,1136,6,0.010582010582010581,3,0.005272407732864675,566,561
gemma-4-31b-it-qat-w4a16,bigcodebench_instruct,dcr:sc_dcr,multi_call,dcr,1136,8,0.014109347442680775,14,0.02460456942003515,555,559
gemma-4-31b-it-qat-w4a16,bigcodebench_instruct,dcr:sc_dcr,single_call,sc_dcr,1136,7,0.012345679012345678,6,0.01054481546572935,563,560
gemma-4-31b-it-qat-w4a16,bigcodebench_instruct,dcpr:sc_dcpr,multi_call,dcpr,1135,6,0.01060070671378092,15,0.026362038664323375,554,560
gemma-4-31b-it-qat-w4a16,bigcodebench_instruct,dcpr:sc_dcpr,single_call,sc_dcpr,1135,9,0.015901060070671377,4,0.007029876977152899,565,557
gemma-4-31b-it-qat-w4a16,humaneval_plus,cr:sc_cr,multi_call,cr,161,0,0.0,5,0.03205128205128205,151,5
gemma-4-31b-it-qat-w4a16,humaneval_plus,cr:sc_cr,single_call,sc_cr,161,0,0.0,1,0.00641025641025641,155,5
gemma-4-31b-it-qat-w4a16,humaneval_plus,cpr:sc_cpr,multi_call,cpr,161,0,0.0,5,0.03205128205128205,151,5
gemma-4-31b-it-qat-w4a16,humaneval_plus,cpr:sc_cpr,single_call,sc_cpr,161,0,0.0,1,0.00641025641025641,155,5
gemma-4-31b-it-qat-w4a16,humaneval_plus,dr:sc_dr,multi_call,dr,160,0,0.0,0,0.0,155,5
gemma-4-31b-it-qat-w4a16,humaneval_plus,dr:sc_dr,single_call,sc_dr,160,0,0.0,0,0.0,155,5
gemma-4-31b-it-qat-w4a16,humaneval_plus,dcr:sc_dcr,multi_call,dcr,160,0,0.0,2,0.012903225806451613,153,5
gemma-4-31b-it-qat-w4a16,humaneval_plus,dcr:sc_dcr,single_call,sc_dcr,160,0,0.0,0,0.0,155,5
gemma-4-31b-it-qat-w4a16,humaneval_plus,dcpr:sc_dcpr,multi_call,dcpr,160,0,0.0,2,0.012903225806451613,153,5
gemma-4-31b-it-qat-w4a16,humaneval_plus,dcpr:sc_dcpr,single_call,sc_dcpr,160,0,0.0,0,0.0,155,5
gemma-4-31b-it-qat-w4a16,mbpp_plus,cr:sc_cr,multi_call,cr,372,8,0.11267605633802817,5,0.016611295681063124,296,63
gemma-4-31b-it-qat-w4a16,mbpp_plus,cr:sc_cr,single_call,sc_cr,372,5,0.07042253521126761,0,0.0,301,66
gemma-4-31b-it-qat-w4a16,mbpp_plus,cpr:sc_cpr,multi_call,cpr,374,8,0.1111111111111111,6,0.019867549668874173,296,64
gemma-4-31b-it-qat-w4a16,mbpp_plus,cpr:sc_cpr,single_call,sc_cpr,374,5,0.06944444444444445,1,0.0033112582781456954,301,67
gemma-4-31b-it-qat-w4a16,mbpp_plus,dr:sc_dr,multi_call,dr,375,4,0.05555555555555555,0,0.0,303,68
gemma-4-31b-it-qat-w4a16,mbpp_plus,dr:sc_dr,single_call,sc_dr,375,6,0.08333333333333333,0,0.0,303,66
gemma-4-31b-it-qat-w4a16,mbpp_plus,dcr:sc_dcr,multi_call,dcr,374,5,0.07042253521126761,1,0.0033003300330033004,302,66
gemma-4-31b-it-qat-w4a16,mbpp_plus,dcr:sc_dcr,single_call,sc_dcr,374,4,0.056338028169014086,0,0.0,303,67
gemma-4-31b-it-qat-w4a16,mbpp_plus,dcpr:sc_dcpr,multi_call,dcpr,374,5,0.06944444444444445,1,0.0033112582781456954,301,67
gemma-4-31b-it-qat-w4a16,mbpp_plus,dcpr:sc_dcpr,single_call,sc_dcpr,374,5,0.06944444444444445,0,0.0,302,67
qwen2.5-coder-14b-instruct,bigcodebench_instruct,cr:sc_cr,multi_call,cr,1136,13,0.02249134948096886,18,0.03225806451612903,540,565
qwen2.5-coder-14b-instruct,bigcodebench_instruct,cr:sc_cr,single_call,sc_cr,1136,7,0.012110726643598616,4,0.007168458781362007,554,571
qwen2.5-coder-14b-instruct,bigcodebench_instruct,cpr:sc_cpr,multi_call,cpr,1135,11,0.019064124783362217,16,0.02867383512544803,542,566
qwen2.5-coder-14b-instruct,bigcodebench_instruct,cpr:sc_cpr,single_call,sc_cpr,1135,7,0.012131715771230503,4,0.007168458781362007,554,570
qwen2.5-coder-14b-instruct,bigcodebench_instruct,dr:sc_dr,multi_call,dr,1136,2,0.0034602076124567475,1,0.0017921146953405018,557,576
qwen2.5-coder-14b-instruct,bigcodebench_instruct,dr:sc_dr,single_call,sc_dr,1136,3,0.005190311418685121,1,0.0017921146953405018,557,575
qwen2.5-coder-14b-instruct,bigcodebench_instruct,dcr:sc_dcr,multi_call,dcr,1136,7,0.012110726643598616,3,0.005376344086021506,555,571
qwen2.5-coder-14b-instruct,bigcodebench_instruct,dcr:sc_dcr,single_call,sc_dcr,1136,4,0.006920415224913495,1,0.0017921146953405018,557,574
qwen2.5-coder-14b-instruct,bigcodebench_instruct,dcpr:sc_dcpr,multi_call,dcpr,1136,7,0.012110726643598616,3,0.005376344086021506,555,571
qwen2.5-coder-14b-instruct,bigcodebench_instruct,dcpr:sc_dcpr,single_call,sc_dcpr,1136,3,0.005190311418685121,1,0.0017921146953405018,557,575
qwen2.5-coder-14b-instruct,humaneval_plus,cr:sc_cr,multi_call,cr,161,2,0.10526315789473684,5,0.035211267605633804,137,17
qwen2.5-coder-14b-instruct,humaneval_plus,cr:sc_cr,single_call,sc_cr,161,0,0.0,1,0.007042253521126761,141,19
qwen2.5-coder-14b-instruct,humaneval_plus,cpr:sc_cpr,multi_call,cpr,161,3,0.15789473684210525,4,0.028169014084507043,138,16
qwen2.5-coder-14b-instruct,humaneval_plus,cpr:sc_cpr,single_call,sc_cpr,161,2,0.10526315789473684,1,0.007042253521126761,141,17
qwen2.5-coder-14b-instruct,humaneval_plus,dr:sc_dr,multi_call,dr,161,1,0.05263157894736842,0,0.0,142,18
qwen2.5-coder-14b-instruct,humaneval_plus,dr:sc_dr,single_call,sc_dr,161,2,0.10526315789473684,0,0.0,142,17
qwen2.5-coder-14b-instruct,humaneval_plus,dcr:sc_dcr,multi_call,dcr,161,2,0.10526315789473684,0,0.0,142,17
qwen2.5-coder-14b-instruct,humaneval_plus,dcr:sc_dcr,single_call,sc_dcr,161,2,0.10526315789473684,1,0.007042253521126761,141,17
qwen2.5-coder-14b-instruct,humaneval_plus,dcpr:sc_dcpr,multi_call,dcpr,161,3,0.15789473684210525,0,0.0,142,16
qwen2.5-coder-14b-instruct,humaneval_plus,dcpr:sc_dcpr,single_call,sc_dcpr,161,2,0.10526315789473684,1,0.007042253521126761,141,17
qwen2.5-coder-14b-instruct,mbpp_plus,cr:sc_cr,multi_call,cr,377,11,0.12222222222222222,8,0.027874564459930314,279,79
qwen2.5-coder-14b-instruct,mbpp_plus,cr:sc_cr,single_call,sc_cr,377,9,0.1,2,0.006968641114982578,285,81
qwen2.5-coder-14b-instruct,mbpp_plus,cpr:sc_cpr,multi_call,cpr,377,9,0.1,8,0.027874564459930314,279,81
qwen2.5-coder-14b-instruct,mbpp_plus,cpr:sc_cpr,single_call,sc_cpr,377,8,0.08888888888888889,2,0.006968641114982578,285,82
qwen2.5-coder-14b-instruct,mbpp_plus,dr:sc_dr,multi_call,dr,377,3,0.03333333333333333,0,0.0,287,87
qwen2.5-coder-14b-instruct,mbpp_plus,dr:sc_dr,single_call,sc_dr,377,4,0.044444444444444446,0,0.0,287,86
qwen2.5-coder-14b-instruct,mbpp_plus,dcr:sc_dcr,multi_call,dcr,377,11,0.12222222222222222,2,0.006968641114982578,285,79
qwen2.5-coder-14b-instruct,mbpp_plus,dcr:sc_dcr,single_call,sc_dcr,377,3,0.03333333333333333,1,0.003484320557491289,286,87
qwen2.5-coder-14b-instruct,mbpp_plus,dcpr:sc_dcpr,multi_call,dcpr,377,9,0.1,2,0.006968641114982578,285,81
qwen2.5-coder-14b-instruct,mbpp_plus,dcpr:sc_dcpr,single_call,sc_dcpr,377,5,0.05555555555555555,0,0.0,287,85
qwen2.5-coder-7b-instruct,bigcodebench_instruct,cr:sc_cr,multi_call,cr,1127,25,0.03759398496240601,15,0.032467532467532464,447,640
qwen2.5-coder-7b-instruct,bigcodebench_instruct,cr:sc_cr,single_call,sc_cr,1127,14,0.021052631578947368,5,0.010822510822510822,457,651
qwen2.5-coder-7b-instruct,bigcodebench_instruct,cpr:sc_cpr,multi_call,cpr,1136,21,0.03134328358208955,17,0.03648068669527897,449,649
qwen2.5-coder-7b-instruct,bigcodebench_instruct,cpr:sc_cpr,single_call,sc_cpr,1136,12,0.01791044776119403,1,0.002145922746781116,465,658
qwen2.5-coder-7b-instruct,bigcodebench_instruct,dr:sc_dr,multi_call,dr,1136,5,0.007462686567164179,0,0.0,466,665
qwen2.5-coder-7b-instruct,bigcodebench_instruct,dr:sc_dr,single_call,sc_dr,1136,12,0.01791044776119403,4,0.008583690987124463,462,658
qwen2.5-coder-7b-instruct,bigcodebench_instruct,dcr:sc_dcr,multi_call,dcr,1136,11,0.016417910447761194,5,0.01072961373390558,461,659
qwen2.5-coder-7b-instruct,bigcodebench_instruct,dcr:sc_dcr,single_call,sc_dcr,1136,11,0.016417910447761194,2,0.004291845493562232,464,659
qwen2.5-coder-7b-instruct,bigcodebench_instruct,dcpr:sc_dcpr,multi_call,dcpr,1135,9,0.013432835820895522,4,0.008602150537634409,461,661
qwen2.5-coder-7b-instruct,bigcodebench_instruct,dcpr:sc_dcpr,single_call,sc_dcpr,1135,16,0.023880597014925373,10,0.021505376344086023,455,654
qwen2.5-coder-7b-instruct,humaneval_plus,cr:sc_cr,multi_call,cr,161,3,0.14285714285714285,8,0.05714285714285714,132,18
qwen2.5-coder-7b-instruct,humaneval_plus,cr:sc_cr,single_call,sc_cr,161,1,0.047619047619047616,2,0.014285714285714285,138,20
qwen2.5-coder-7b-instruct,humaneval_plus,cpr:sc_cpr,multi_call,cpr,161,2,0.09523809523809523,7,0.05,133,19
qwen2.5-coder-7b-instruct,humaneval_plus,cpr:sc_cpr,single_call,sc_cpr,161,1,0.047619047619047616,2,0.014285714285714285,138,20
qwen2.5-coder-7b-instruct,humaneval_plus,dr:sc_dr,multi_call,dr,161,1,0.047619047619047616,0,0.0,140,20
qwen2.5-coder-7b-instruct,humaneval_plus,dr:sc_dr,single_call,sc_dr,161,1,0.047619047619047616,0,0.0,140,20
qwen2.5-coder-7b-instruct,humaneval_plus,dcr:sc_dcr,multi_call,dcr,160,2,0.09523809523809523,2,0.014388489208633094,137,19
qwen2.5-coder-7b-instruct,humaneval_plus,dcr:sc_dcr,single_call,sc_dcr,160,1,0.047619047619047616,0,0.0,139,20
qwen2.5-coder-7b-instruct,humaneval_plus,dcpr:sc_dcpr,multi_call,dcpr,161,2,0.09523809523809523,2,0.014285714285714285,138,19
qwen2.5-coder-7b-instruct,humaneval_plus,dcpr:sc_dcpr,single_call,sc_dcpr,161,2,0.09523809523809523,2,0.014285714285714285,138,19
qwen2.5-coder-7b-instruct,mbpp_plus,cr:sc_cr,multi_call,cr,374,5,0.052083333333333336,6,0.02158273381294964,272,91
qwen2.5-coder-7b-instruct,mbpp_plus,cr:sc_cr,single_call,sc_cr,374,1,0.010416666666666666,2,0.007194244604316547,276,95
qwen2.5-coder-7b-instruct,mbpp_plus,cpr:sc_cpr,multi_call,cpr,374,5,0.052083333333333336,8,0.02877697841726619,270,91
qwen2.5-coder-7b-instruct,mbpp_plus,cpr:sc_cpr,single_call,sc_cpr,374,1,0.010416666666666666,2,0.007194244604316547,276,95
qwen2.5-coder-7b-instruct,mbpp_plus,dr:sc_dr,multi_call,dr,375,1,0.010309278350515464,0,0.0,278,96
qwen2.5-coder-7b-instruct,mbpp_plus,dr:sc_dr,single_call,sc_dr,375,2,0.020618556701030927,1,0.0035971223021582736,277,95
qwen2.5-coder-7b-instruct,mbpp_plus,dcr:sc_dcr,multi_call,dcr,374,4,0.041666666666666664,3,0.01079136690647482,275,92
qwen2.5-coder-7b-instruct,mbpp_plus,dcr:sc_dcr,single_call,sc_dcr,374,3,0.03125,1,0.0035971223021582736,277,93
qwen2.5-coder-7b-instruct,mbpp_plus,dcpr:sc_dcpr,multi_call,dcpr,373,5,0.05263157894736842,3,0.01079136690647482,275,90
qwen2.5-coder-7b-instruct,mbpp_plus,dcpr:sc_dcpr,single_call,sc_dcpr,373,4,0.042105263157894736,5,0.017985611510791366,273,91
qwen3-coder-30b-a3b-instruct-fp8,bigcodebench_instruct,cr:sc_cr,multi_call,cr,1133,26,0.04553415061295972,159,0.28291814946619215,403,545
qwen3-coder-30b-a3b-instruct-fp8,bigcodebench_instruct,cr:sc_cr,single_call,sc_cr,1133,3,0.005253940455341506,1,0.0017793594306049821,561,568
qwen3-coder-30b-a3b-instruct-fp8,bigcodebench_instruct,cpr:sc_cpr,multi_call,cpr,1133,32,0.055944055944055944,195,0.34759358288770054,366,540
qwen3-coder-30b-a3b-instruct-fp8,bigcodebench_instruct,cpr:sc_cpr,single_call,sc_cpr,1133,7,0.012237762237762238,5,0.008912655971479501,556,565
qwen3-coder-30b-a3b-instruct-fp8,bigcodebench_instruct,dr:sc_dr,multi_call,dr,1135,3,0.005235602094240838,0,0.0,562,570
qwen3-coder-30b-a3b-instruct-fp8,bigcodebench_instruct,dr:sc_dr,single_call,sc_dr,1135,3,0.005235602094240838,4,0.0071174377224199285,558,570
qwen3-coder-30b-a3b-instruct-fp8,bigcodebench_instruct,dcr:sc_dcr,multi_call,dcr,1133,10,0.017513134851138354,27,0.04804270462633452,535,561
qwen3-coder-30b-a3b-instruct-fp8,bigcodebench_instruct,dcr:sc_dcr,single_call,sc_dcr,1133,4,0.0070052539404553416,4,0.0071174377224199285,558,567
qwen3-coder-30b-a3b-instruct-fp8,bigcodebench_instruct,dcpr:sc_dcpr,multi_call,dcpr,1127,15,0.02631578947368421,32,0.05745062836624776,525,555
qwen3-coder-30b-a3b-instruct-fp8,bigcodebench_instruct,dcpr:sc_dcpr,single_call,sc_dcpr,1127,12,0.021052631578947368,19,0.03411131059245961,538,558
qwen3-coder-30b-a3b-instruct-fp8,humaneval_plus,cr:sc_cr,multi_call,cr,158,7,0.35,12,0.08695652173913043,126,13
qwen3-coder-30b-a3b-instruct-fp8,humaneval_plus,cr:sc_cr,single_call,sc_cr,158,1,0.05,0,0.0,138,19
qwen3-coder-30b-a3b-instruct-fp8,humaneval_plus,cpr:sc_cpr,multi_call,cpr,153,6,0.3,16,0.12030075187969924,117,14
qwen3-coder-30b-a3b-instruct-fp8,humaneval_plus,cpr:sc_cpr,single_call,sc_cpr,153,5,0.25,2,0.015037593984962405,131,15
qwen3-coder-30b-a3b-instruct-fp8,humaneval_plus,dr:sc_dr,multi_call,dr,158,0,0.0,0,0.0,138,20
qwen3-coder-30b-a3b-instruct-fp8,humaneval_plus,dr:sc_dr,single_call,sc_dr,158,0,0.0,0,0.0,138,20
qwen3-coder-30b-a3b-instruct-fp8,humaneval_plus,dcr:sc_dcr,multi_call,dcr,156,1,0.05,3,0.022058823529411766,133,19
qwen3-coder-30b-a3b-instruct-fp8,humaneval_plus,dcr:sc_dcr,single_call,sc_dcr,156,0,0.0,0,0.0,136,20
qwen3-coder-30b-a3b-instruct-fp8,humaneval_plus,dcpr:sc_dcpr,multi_call,dcpr,158,1,0.05,3,0.021739130434782608,135,19
qwen3-coder-30b-a3b-instruct-fp8,humaneval_plus,dcpr:sc_dcpr,single_call,sc_dcpr,158,1,0.05,2,0.014492753623188406,136,19
qwen3-coder-30b-a3b-instruct-fp8,mbpp_plus,cr:sc_cr,multi_call,cr,371,10,0.11627906976744186,44,0.1543859649122807,241,76
qwen3-coder-30b-a3b-instruct-fp8,mbpp_plus,cr:sc_cr,single_call,sc_cr,371,1,0.011627906976744186,2,0.007017543859649123,283,85
qwen3-coder-30b-a3b-instruct-fp8,mbpp_plus,cpr:sc_cpr,multi_call,cpr,368,9,0.10465116279069768,50,0.1773049645390071,232,77
qwen3-coder-30b-a3b-instruct-fp8,mbpp_plus,cpr:sc_cpr,single_call,sc_cpr,368,5,0.05813953488372093,7,0.024822695035460994,275,81
qwen3-coder-30b-a3b-instruct-fp8,mbpp_plus,dr:sc_dr,multi_call,dr,375,0,0.0,0,0.0,287,88
qwen3-coder-30b-a3b-instruct-fp8,mbpp_plus,dr:sc_dr,single_call,sc_dr,375,1,0.011363636363636364,3,0.010452961672473868,284,87
qwen3-coder-30b-a3b-instruct-fp8,mbpp_plus,dcr:sc_dcr,multi_call,dcr,365,3,0.03614457831325301,5,0.01773049645390071,277,80
qwen3-coder-30b-a3b-instruct-fp8,mbpp_plus,dcr:sc_dcr,single_call,sc_dcr,365,0,0.0,4,0.014184397163120567,278,83
qwen3-coder-30b-a3b-instruct-fp8,mbpp_plus,dcpr:sc_dcpr,multi_call,dcpr,375,1,0.011363636363636364,6,0.020905923344947737,281,87
qwen3-coder-30b-a3b-instruct-fp8,mbpp_plus,dcpr:sc_dcpr,single_call,sc_dcpr,375,3,0.03409090909090909,6,0.020905923344947737,281,85
