"type","file","md5"
"source","figure_data_rq1_performance_balance.csv","c20577e34ebae9f1ed6c58ffba09dd21"
"source","figure_data_rq2_decision_tradeoff.csv","556c1977d8c5abf70e59058946782307"
"source","figure_data_rq3_topology_effects.csv","b9bb7098a8b0d88fe249fc87624c7a9d"
"source","table_rq3_label_consistency.csv","63dc2e0bc59aecab2bf08a2b71180ab6"
"source","table_rq4_cost_pareto.csv","6c5ec8aa0bef708a07b8e4a4bb5f12ca"
"figure","rq1_stage_composition.pdf","8f51a282af207e37b26737244f0a4814"
"figure","rq4_gain_token_overhead.pdf","96bcc7e23210513900cae06ed9c27a59"
"table","rq2_decision_tradeoff.tex","6668d19c3a2cf75a5221a6878183845b"
"table","rq3_call_topology.tex","e6dc3293b7d8765b76712229efac20f0"
