call_record_id,source_run_id,model_display_name,benchmark_id,upstream_task_id,stage,reported_status,finish_reason,source_registry_path,source_sha256,exported_path
call_00f73c831c0d1b136a60fa55,run_c99d3b1d562acc3e80026e48,Qwen3-Coder-30B-A3B-Instruct-FP8,mbpp_plus,Mbpp/773,refinement_need_decision,non_exact_decision_response,length,raw/run_c99d3b1d562acc3e80026e48/call_00f73c831c0d1b136a60fa55.response,8f2a9e6f2626619007497b71cd6d319c607f670cc3c6ab6a09e5789d9c60a93a,data/selected_raw_response_evidence/responses/call_00f73c831c0d1b136a60fa55.response
call_012457d95e36d93810937273,run_c99d3b1d562acc3e80026e48,Qwen3-Coder-30B-A3B-Instruct-FP8,mbpp_plus,Mbpp/607,refinement_need_decision,non_exact_decision_response,length,raw/run_c99d3b1d562acc3e80026e48/call_012457d95e36d93810937273.response,32b01c6f4006070444b03cceaa60e0d5643e405101fe489d5b7cb8b0f1a9e719,data/selected_raw_response_evidence/responses/call_012457d95e36d93810937273.response
call_013770fda604bd3a4440386d,run_c99d3b1d562acc3e80026e48,DeepSeek-Coder-V2-Lite-Instruct,bigcodebench_instruct,BigCodeBench/945,refinement_need_decision,non_exact_decision_response,stop,raw/run_c99d3b1d562acc3e80026e48/call_013770fda604bd3a4440386d.response,5c38e98e2d4b7aa90d406e77b56591c272a4fa068d50af176ea5a1b99b1ed870,data/selected_raw_response_evidence/responses/call_013770fda604bd3a4440386d.response
call_02035a6a17c44977ddbf4008,run_c99d3b1d562acc3e80026e48,DeepSeek-Coder-V2-Lite-Instruct,bigcodebench_instruct,BigCodeBench/46,refinement_need_decision,non_exact_decision_response,stop,raw/run_c99d3b1d562acc3e80026e48/call_02035a6a17c44977ddbf4008.response,5c38e98e2d4b7aa90d406e77b56591c272a4fa068d50af176ea5a1b99b1ed870,data/selected_raw_response_evidence/responses/call_02035a6a17c44977ddbf4008.response
call_046aac0fb52a2b18ce272e7b,run_c99d3b1d562acc3e80026e48,DeepSeek-Coder-V2-Lite-Instruct,bigcodebench_instruct,BigCodeBench/440,refinement_need_decision,non_exact_decision_response,stop,raw/run_c99d3b1d562acc3e80026e48/call_046aac0fb52a2b18ce272e7b.response,5c38e98e2d4b7aa90d406e77b56591c272a4fa068d50af176ea5a1b99b1ed870,data/selected_raw_response_evidence/responses/call_046aac0fb52a2b18ce272e7b.response
call_0527f3863f56b65f186d1271,run_c99d3b1d562acc3e80026e48,DeepSeek-Coder-V2-Lite-Instruct,bigcodebench_instruct,BigCodeBench/351,refinement_need_decision,non_exact_decision_response,stop,raw/run_c99d3b1d562acc3e80026e48/call_0527f3863f56b65f186d1271.response,5c38e98e2d4b7aa90d406e77b56591c272a4fa068d50af176ea5a1b99b1ed870,data/selected_raw_response_evidence/responses/call_0527f3863f56b65f186d1271.response
call_0631767322e499ce337d83e4,run_c99d3b1d562acc3e80026e48,DeepSeek-Coder-V2-Lite-Instruct,bigcodebench_instruct,BigCodeBench/942,refinement_need_decision,non_exact_decision_response,stop,raw/run_c99d3b1d562acc3e80026e48/call_0631767322e499ce337d83e4.response,5c38e98e2d4b7aa90d406e77b56591c272a4fa068d50af176ea5a1b99b1ed870,data/selected_raw_response_evidence/responses/call_0631767322e499ce337d83e4.response
call_0664a5cefd688a3a6b78ad8c,run_c99d3b1d562acc3e80026e48,DeepSeek-Coder-V2-Lite-Instruct,bigcodebench_instruct,BigCodeBench/877,refinement_need_decision,non_exact_decision_response,stop,raw/run_c99d3b1d562acc3e80026e48/call_0664a5cefd688a3a6b78ad8c.response,5c38e98e2d4b7aa90d406e77b56591c272a4fa068d50af176ea5a1b99b1ed870,data/selected_raw_response_evidence/responses/call_0664a5cefd688a3a6b78ad8c.response
call_07d9a036fd814bcf0bbb8eed,run_c99d3b1d562acc3e80026e48,DeepSeek-Coder-V2-Lite-Instruct,bigcodebench_instruct,BigCodeBench/42,refinement_need_decision,non_exact_decision_response,stop,raw/run_c99d3b1d562acc3e80026e48/call_07d9a036fd814bcf0bbb8eed.response,5c38e98e2d4b7aa90d406e77b56591c272a4fa068d50af176ea5a1b99b1ed870,data/selected_raw_response_evidence/responses/call_07d9a036fd814bcf0bbb8eed.response
call_08c70cfa1f942ee861297936,run_c99d3b1d562acc3e80026e48,Qwen3-Coder-30B-A3B-Instruct-FP8,bigcodebench_instruct,BigCodeBench/197,refinement_need_decision,non_exact_decision_response,length,raw/run_c99d3b1d562acc3e80026e48/call_08c70cfa1f942ee861297936.response,870cc63b1388a42eaf456dc40efd7359638e8eacc323f350d2517596d6256ef3,data/selected_raw_response_evidence/responses/call_08c70cfa1f942ee861297936.response
call_096b3607a2cfeefe5f12cdb0,run_c99d3b1d562acc3e80026e48,Qwen3-Coder-30B-A3B-Instruct-FP8,bigcodebench_instruct,BigCodeBench/169,refinement_need_decision,non_exact_decision_response,length,raw/run_c99d3b1d562acc3e80026e48/call_096b3607a2cfeefe5f12cdb0.response,0920bd9242d4e788a9f8e6f03ebdc1f5a2e7b977c29928f2ae236e59856bc189,data/selected_raw_response_evidence/responses/call_096b3607a2cfeefe5f12cdb0.response
call_0a44ad4c5138e91afdec8a8e,run_c99d3b1d562acc3e80026e48,DeepSeek-Coder-V2-Lite-Instruct,bigcodebench_instruct,BigCodeBench/1035,refinement_need_decision,non_exact_decision_response,stop,raw/run_c99d3b1d562acc3e80026e48/call_0a44ad4c5138e91afdec8a8e.response,5c38e98e2d4b7aa90d406e77b56591c272a4fa068d50af176ea5a1b99b1ed870,data/selected_raw_response_evidence/responses/call_0a44ad4c5138e91afdec8a8e.response
call_0b3393530a515669f9008daf,run_c99d3b1d562acc3e80026e48,DeepSeek-Coder-V2-Lite-Instruct,bigcodebench_instruct,BigCodeBench/903,refinement_need_decision,non_exact_decision_response,stop,raw/run_c99d3b1d562acc3e80026e48/call_0b3393530a515669f9008daf.response,5c38e98e2d4b7aa90d406e77b56591c272a4fa068d50af176ea5a1b99b1ed870,data/selected_raw_response_evidence/responses/call_0b3393530a515669f9008daf.response
call_0b486a9a7d695bfe7e8cf91f,run_c99d3b1d562acc3e80026e48,DeepSeek-Coder-V2-Lite-Instruct,bigcodebench_instruct,BigCodeBench/646,refinement_need_decision,non_exact_decision_response,stop,raw/run_c99d3b1d562acc3e80026e48/call_0b486a9a7d695bfe7e8cf91f.response,5c38e98e2d4b7aa90d406e77b56591c272a4fa068d50af176ea5a1b99b1ed870,data/selected_raw_response_evidence/responses/call_0b486a9a7d695bfe7e8cf91f.response
call_0d63b0c04abd88e70d31711e,run_c99d3b1d562acc3e80026e48,DeepSeek-Coder-V2-Lite-Instruct,bigcodebench_instruct,BigCodeBench/473,refinement_need_decision,non_exact_decision_response,stop,raw/run_c99d3b1d562acc3e80026e48/call_0d63b0c04abd88e70d31711e.response,5c38e98e2d4b7aa90d406e77b56591c272a4fa068d50af176ea5a1b99b1ed870,data/selected_raw_response_evidence/responses/call_0d63b0c04abd88e70d31711e.response
call_0d85c690ce2f608250c9f273,run_c99d3b1d562acc3e80026e48,DeepSeek-Coder-V2-Lite-Instruct,bigcodebench_instruct,BigCodeBench/449,refinement_need_decision,non_exact_decision_response,stop,raw/run_c99d3b1d562acc3e80026e48/call_0d85c690ce2f608250c9f273.response,5c38e98e2d4b7aa90d406e77b56591c272a4fa068d50af176ea5a1b99b1ed870,data/selected_raw_response_evidence/responses/call_0d85c690ce2f608250c9f273.response
call_0f394035001431af1b6bb0e4,run_c99d3b1d562acc3e80026e48,Qwen3-Coder-30B-A3B-Instruct-FP8,mbpp_plus,Mbpp/784,refinement_need_decision,non_exact_decision_response,length,raw/run_c99d3b1d562acc3e80026e48/call_0f394035001431af1b6bb0e4.response,5324a6517bf4a81f07d5d8bbd203e4304ce32fa06ad47ce51e67a48fbc913482,data/selected_raw_response_evidence/responses/call_0f394035001431af1b6bb0e4.response
call_102dc4244aecafb600208d06,run_c99d3b1d562acc3e80026e48,Qwen3-Coder-30B-A3B-Instruct-FP8,bigcodebench_instruct,BigCodeBench/968,refinement_need_decision,non_exact_decision_response,length,raw/run_c99d3b1d562acc3e80026e48/call_102dc4244aecafb600208d06.response,a7874892922094b690b3f8101bf6ca07ba8610f2e7d4eb4ec6c0f5b0b050cb0a,data/selected_raw_response_evidence/responses/call_102dc4244aecafb600208d06.response
call_134831c0873d61fd789a0799,run_c99d3b1d562acc3e80026e48,DeepSeek-Coder-V2-Lite-Instruct,bigcodebench_instruct,BigCodeBench/227,refinement_need_decision,non_exact_decision_response,stop,raw/run_c99d3b1d562acc3e80026e48/call_134831c0873d61fd789a0799.response,5c38e98e2d4b7aa90d406e77b56591c272a4fa068d50af176ea5a1b99b1ed870,data/selected_raw_response_evidence/responses/call_134831c0873d61fd789a0799.response
call_13ada483942965e8024c4c78,run_c99d3b1d562acc3e80026e48,DeepSeek-Coder-V2-Lite-Instruct,bigcodebench_instruct,BigCodeBench/884,refinement_need_decision,non_exact_decision_response,stop,raw/run_c99d3b1d562acc3e80026e48/call_13ada483942965e8024c4c78.response,5c38e98e2d4b7aa90d406e77b56591c272a4fa068d50af176ea5a1b99b1ed870,data/selected_raw_response_evidence/responses/call_13ada483942965e8024c4c78.response
call_148af644c5d334f3dfb94f67,run_c99d3b1d562acc3e80026e48,Qwen3-Coder-30B-A3B-Instruct-FP8,bigcodebench_instruct,BigCodeBench/633,refinement_need_decision,non_exact_decision_response,length,raw/run_c99d3b1d562acc3e80026e48/call_148af644c5d334f3dfb94f67.response,b206bac5bb6320bfa9842ea4f7157e0cf7c2c81f7af736e0b8697a81346aafbe,data/selected_raw_response_evidence/responses/call_148af644c5d334f3dfb94f67.response
call_15703a37b8307d4efdeb9ac7,run_c99d3b1d562acc3e80026e48,DeepSeek-Coder-V2-Lite-Instruct,bigcodebench_instruct,BigCodeBench/573,refinement_need_decision,non_exact_decision_response,stop,raw/run_c99d3b1d562acc3e80026e48/call_15703a37b8307d4efdeb9ac7.response,5c38e98e2d4b7aa90d406e77b56591c272a4fa068d50af176ea5a1b99b1ed870,data/selected_raw_response_evidence/responses/call_15703a37b8307d4efdeb9ac7.response
call_18698e346ea4f0d3b9584960,run_c99d3b1d562acc3e80026e48,Qwen3-Coder-30B-A3B-Instruct-FP8,mbpp_plus,Mbpp/11,refinement_need_decision,non_exact_decision_response,length,raw/run_c99d3b1d562acc3e80026e48/call_18698e346ea4f0d3b9584960.response,847b18bc173e1a4c996030120cbb7c00fd9b119a7e63cd5656d442847f9bda6b,data/selected_raw_response_evidence/responses/call_18698e346ea4f0d3b9584960.response
call_1a6b28be97b5cb1116c3721d,run_c99d3b1d562acc3e80026e48,DeepSeek-Coder-V2-Lite-Instruct,bigcodebench_instruct,BigCodeBench/293,refinement_need_decision,non_exact_decision_response,stop,raw/run_c99d3b1d562acc3e80026e48/call_1a6b28be97b5cb1116c3721d.response,5c38e98e2d4b7aa90d406e77b56591c272a4fa068d50af176ea5a1b99b1ed870,data/selected_raw_response_evidence/responses/call_1a6b28be97b5cb1116c3721d.response
call_1a88eb2f253a0d882d24deda,run_c99d3b1d562acc3e80026e48,Qwen3-Coder-30B-A3B-Instruct-FP8,bigcodebench_instruct,BigCodeBench/196,refinement_need_decision,non_exact_decision_response,length,raw/run_c99d3b1d562acc3e80026e48/call_1a88eb2f253a0d882d24deda.response,54062e57084676451bb3cbaa508a22428adb36febb6fc404d822b4f97b40cac0,data/selected_raw_response_evidence/responses/call_1a88eb2f253a0d882d24deda.response
call_1f73cd8e0349336754f5c16a,run_c99d3b1d562acc3e80026e48,DeepSeek-Coder-V2-Lite-Instruct,humaneval_plus,HumanEval/101,refinement_need_decision,non_exact_decision_response,stop,raw/run_c99d3b1d562acc3e80026e48/call_1f73cd8e0349336754f5c16a.response,5c38e98e2d4b7aa90d406e77b56591c272a4fa068d50af176ea5a1b99b1ed870,data/selected_raw_response_evidence/responses/call_1f73cd8e0349336754f5c16a.response
call_1fc110225f5396d02353e8fb,run_c99d3b1d562acc3e80026e48,Qwen3-Coder-30B-A3B-Instruct-FP8,mbpp_plus,Mbpp/128,refinement_need_decision,non_exact_decision_response,length,raw/run_c99d3b1d562acc3e80026e48/call_1fc110225f5396d02353e8fb.response,78c3e68cc295da1c0f49213291aa4fc5c67896683841543a19da5eb3033b947b,data/selected_raw_response_evidence/responses/call_1fc110225f5396d02353e8fb.response
call_21f881ea9aecc89c91fac176,run_c99d3b1d562acc3e80026e48,Qwen3-Coder-30B-A3B-Instruct-FP8,mbpp_plus,Mbpp/240,refinement_need_decision,non_exact_decision_response,length,raw/run_c99d3b1d562acc3e80026e48/call_21f881ea9aecc89c91fac176.response,d45ac2ba9fddbbbdc2f5e73a62617015f2359de583c18ffbc95f475f7a598eec,data/selected_raw_response_evidence/responses/call_21f881ea9aecc89c91fac176.response
call_22b5def026dfab1dfa535873,run_c99d3b1d562acc3e80026e48,DeepSeek-Coder-V2-Lite-Instruct,bigcodebench_instruct,BigCodeBench/512,refinement_need_decision,non_exact_decision_response,stop,raw/run_c99d3b1d562acc3e80026e48/call_22b5def026dfab1dfa535873.response,5c38e98e2d4b7aa90d406e77b56591c272a4fa068d50af176ea5a1b99b1ed870,data/selected_raw_response_evidence/responses/call_22b5def026dfab1dfa535873.response
call_24110655a1bc12db1851b0f3,run_c99d3b1d562acc3e80026e48,DeepSeek-Coder-V2-Lite-Instruct,bigcodebench_instruct,BigCodeBench/427,refinement_need_decision,non_exact_decision_response,stop,raw/run_c99d3b1d562acc3e80026e48/call_24110655a1bc12db1851b0f3.response,5c38e98e2d4b7aa90d406e77b56591c272a4fa068d50af176ea5a1b99b1ed870,data/selected_raw_response_evidence/responses/call_24110655a1bc12db1851b0f3.response
call_25a69137d53f85d47a93792e,run_c99d3b1d562acc3e80026e48,DeepSeek-Coder-V2-Lite-Instruct,bigcodebench_instruct,BigCodeBench/941,refinement_need_decision,non_exact_decision_response,stop,raw/run_c99d3b1d562acc3e80026e48/call_25a69137d53f85d47a93792e.response,5c38e98e2d4b7aa90d406e77b56591c272a4fa068d50af176ea5a1b99b1ed870,data/selected_raw_response_evidence/responses/call_25a69137d53f85d47a93792e.response
call_25e8a8f87a4b25f672114000,run_c99d3b1d562acc3e80026e48,DeepSeek-Coder-V2-Lite-Instruct,bigcodebench_instruct,BigCodeBench/388,refinement_need_decision,non_exact_decision_response,stop,raw/run_c99d3b1d562acc3e80026e48/call_25e8a8f87a4b25f672114000.response,5c38e98e2d4b7aa90d406e77b56591c272a4fa068d50af176ea5a1b99b1ed870,data/selected_raw_response_evidence/responses/call_25e8a8f87a4b25f672114000.response
call_2a813709f1c5c5a45cbc1a00,run_c99d3b1d562acc3e80026e48,DeepSeek-Coder-V2-Lite-Instruct,bigcodebench_instruct,BigCodeBench/51,refinement_need_decision,non_exact_decision_response,stop,raw/run_c99d3b1d562acc3e80026e48/call_2a813709f1c5c5a45cbc1a00.response,5c38e98e2d4b7aa90d406e77b56591c272a4fa068d50af176ea5a1b99b1ed870,data/selected_raw_response_evidence/responses/call_2a813709f1c5c5a45cbc1a00.response
call_2c07f153a0080c5734f39fdc,run_c99d3b1d562acc3e80026e48,DeepSeek-Coder-V2-Lite-Instruct,mbpp_plus,Mbpp/64,refinement_need_decision,non_exact_decision_response,stop,raw/run_c99d3b1d562acc3e80026e48/call_2c07f153a0080c5734f39fdc.response,5c38e98e2d4b7aa90d406e77b56591c272a4fa068d50af176ea5a1b99b1ed870,data/selected_raw_response_evidence/responses/call_2c07f153a0080c5734f39fdc.response
call_2c78ee94f91f480f12437f48,run_c99d3b1d562acc3e80026e48,DeepSeek-Coder-V2-Lite-Instruct,bigcodebench_instruct,BigCodeBench/447,refinement_need_decision,non_exact_decision_response,stop,raw/run_c99d3b1d562acc3e80026e48/call_2c78ee94f91f480f12437f48.response,5c38e98e2d4b7aa90d406e77b56591c272a4fa068d50af176ea5a1b99b1ed870,data/selected_raw_response_evidence/responses/call_2c78ee94f91f480f12437f48.response
call_2e781656e06815929ffd906c,run_c99d3b1d562acc3e80026e48,Qwen3-Coder-30B-A3B-Instruct-FP8,mbpp_plus,Mbpp/125,refinement_need_decision,non_exact_decision_response,length,raw/run_c99d3b1d562acc3e80026e48/call_2e781656e06815929ffd906c.response,0d19bdb73b59f4fd1d492ebbcf3541ba427d6acec3aa901d26f1e89176d340a8,data/selected_raw_response_evidence/responses/call_2e781656e06815929ffd906c.response
call_3140f6ef591db1fb47641580,run_c99d3b1d562acc3e80026e48,DeepSeek-Coder-V2-Lite-Instruct,bigcodebench_instruct,BigCodeBench/425,refinement_need_decision,non_exact_decision_response,stop,raw/run_c99d3b1d562acc3e80026e48/call_3140f6ef591db1fb47641580.response,5c38e98e2d4b7aa90d406e77b56591c272a4fa068d50af176ea5a1b99b1ed870,data/selected_raw_response_evidence/responses/call_3140f6ef591db1fb47641580.response
call_34c7e94784cd37f4be7b3932,run_c99d3b1d562acc3e80026e48,DeepSeek-Coder-V2-Lite-Instruct,bigcodebench_instruct,BigCodeBench/235,direct_generation,malformed_candidate,length,raw/run_c99d3b1d562acc3e80026e48/call_34c7e94784cd37f4be7b3932.response,9783c82a6b3bc67abac725504d270c187a1e18b6e63bcb481168d3adf4690184,data/selected_raw_response_evidence/responses/call_34c7e94784cd37f4be7b3932.response
call_34dfea16bd22bc58465f09e8,run_c99d3b1d562acc3e80026e48,Qwen3-Coder-30B-A3B-Instruct-FP8,bigcodebench_instruct,BigCodeBench/685,refinement_need_decision,non_exact_decision_response,stop,raw/run_c99d3b1d562acc3e80026e48/call_34dfea16bd22bc58465f09e8.response,0dde3b7fb97775f95ec0aa0d98b59a49f27391757732b6fed777c93c7952a8e6,data/selected_raw_response_evidence/responses/call_34dfea16bd22bc58465f09e8.response
call_37285826232c0a59c7010b14,run_c99d3b1d562acc3e80026e48,DeepSeek-Coder-V2-Lite-Instruct,bigcodebench_instruct,BigCodeBench/1036,refinement_need_decision,non_exact_decision_response,stop,raw/run_c99d3b1d562acc3e80026e48/call_37285826232c0a59c7010b14.response,5c38e98e2d4b7aa90d406e77b56591c272a4fa068d50af176ea5a1b99b1ed870,data/selected_raw_response_evidence/responses/call_37285826232c0a59c7010b14.response
call_37d5ac64516cbd6232ae3732,run_c99d3b1d562acc3e80026e48,Qwen3-Coder-30B-A3B-Instruct-FP8,mbpp_plus,Mbpp/237,refinement_need_decision,non_exact_decision_response,length,raw/run_c99d3b1d562acc3e80026e48/call_37d5ac64516cbd6232ae3732.response,4c877e33b88a755f998bbf9f1a5a21b656ac91412fc91029fc06a3eb0704e06f,data/selected_raw_response_evidence/responses/call_37d5ac64516cbd6232ae3732.response
call_3851d424f6083a32af82beaf,run_c99d3b1d562acc3e80026e48,Qwen3-Coder-30B-A3B-Instruct-FP8,mbpp_plus,Mbpp/306,refinement_need_decision,non_exact_decision_response,length,raw/run_c99d3b1d562acc3e80026e48/call_3851d424f6083a32af82beaf.response,dc5032926c3b45808f73943dd57620b55a75278903e4c99501ed0ae798c60d97,data/selected_raw_response_evidence/responses/call_3851d424f6083a32af82beaf.response
call_3852e4b854018aad32c1ec9b,run_c99d3b1d562acc3e80026e48,DeepSeek-Coder-V2-Lite-Instruct,mbpp_plus,Mbpp/786,refinement_need_decision,non_exact_decision_response,stop,raw/run_c99d3b1d562acc3e80026e48/call_3852e4b854018aad32c1ec9b.response,5c38e98e2d4b7aa90d406e77b56591c272a4fa068d50af176ea5a1b99b1ed870,data/selected_raw_response_evidence/responses/call_3852e4b854018aad32c1ec9b.response
call_38c27e09bff1768e0cbcd381,run_c99d3b1d562acc3e80026e48,DeepSeek-Coder-V2-Lite-Instruct,bigcodebench_instruct,BigCodeBench/468,refinement_need_decision,non_exact_decision_response,stop,raw/run_c99d3b1d562acc3e80026e48/call_38c27e09bff1768e0cbcd381.response,5c38e98e2d4b7aa90d406e77b56591c272a4fa068d50af176ea5a1b99b1ed870,data/selected_raw_response_evidence/responses/call_38c27e09bff1768e0cbcd381.response
call_3a138cfeb9cef374faea5f95,run_c99d3b1d562acc3e80026e48,DeepSeek-Coder-V2-Lite-Instruct,bigcodebench_instruct,BigCodeBench/88,refinement_need_decision,non_exact_decision_response,stop,raw/run_c99d3b1d562acc3e80026e48/call_3a138cfeb9cef374faea5f95.response,5c38e98e2d4b7aa90d406e77b56591c272a4fa068d50af176ea5a1b99b1ed870,data/selected_raw_response_evidence/responses/call_3a138cfeb9cef374faea5f95.response
call_3a70937f9bc5bada6c2a28c9,run_c99d3b1d562acc3e80026e48,Qwen3-Coder-30B-A3B-Instruct-FP8,bigcodebench_instruct,BigCodeBench/903,refinement_need_decision,non_exact_decision_response,length,raw/run_c99d3b1d562acc3e80026e48/call_3a70937f9bc5bada6c2a28c9.response,8ec32dd156e867939390d6b158e2d78009b2735324fdc1638b7ea952e6ffc5fb,data/selected_raw_response_evidence/responses/call_3a70937f9bc5bada6c2a28c9.response
call_3ccc27d27087bda48bc32b15,run_c99d3b1d562acc3e80026e48,DeepSeek-Coder-V2-Lite-Instruct,bigcodebench_instruct,BigCodeBench/588,refinement_need_decision,non_exact_decision_response,stop,raw/run_c99d3b1d562acc3e80026e48/call_3ccc27d27087bda48bc32b15.response,5c38e98e2d4b7aa90d406e77b56591c272a4fa068d50af176ea5a1b99b1ed870,data/selected_raw_response_evidence/responses/call_3ccc27d27087bda48bc32b15.response
call_4162f1bfa5482e13a6a89cd4,run_c99d3b1d562acc3e80026e48,DeepSeek-Coder-V2-Lite-Instruct,bigcodebench_instruct,BigCodeBench/151,refinement_need_decision,non_exact_decision_response,stop,raw/run_c99d3b1d562acc3e80026e48/call_4162f1bfa5482e13a6a89cd4.response,5c38e98e2d4b7aa90d406e77b56591c272a4fa068d50af176ea5a1b99b1ed870,data/selected_raw_response_evidence/responses/call_4162f1bfa5482e13a6a89cd4.response
call_4184dc6cc655786a3b93f063,run_c99d3b1d562acc3e80026e48,Qwen3-Coder-30B-A3B-Instruct-FP8,mbpp_plus,Mbpp/432,refinement_need_decision,non_exact_decision_response,length,raw/run_c99d3b1d562acc3e80026e48/call_4184dc6cc655786a3b93f063.response,3aa58cf6f5e5c95b8373805ee2193ce13f2a8128a985fdd300d2e926d99a16bc,data/selected_raw_response_evidence/responses/call_4184dc6cc655786a3b93f063.response
call_41c7d49ea82a2f47fe80cf29,run_c99d3b1d562acc3e80026e48,Qwen3-Coder-30B-A3B-Instruct-FP8,bigcodebench_instruct,BigCodeBench/660,refinement_need_decision,non_exact_decision_response,length,raw/run_c99d3b1d562acc3e80026e48/call_41c7d49ea82a2f47fe80cf29.response,494a45ca9adf7af5ae4a7966bc11abd007ad7ac391dee4452abe68ce83083b73,data/selected_raw_response_evidence/responses/call_41c7d49ea82a2f47fe80cf29.response
call_438501ed2a94385af215d812,run_c99d3b1d562acc3e80026e48,Qwen3-Coder-30B-A3B-Instruct-FP8,bigcodebench_instruct,BigCodeBench/1013,refinement_need_decision,non_exact_decision_response,length,raw/run_c99d3b1d562acc3e80026e48/call_438501ed2a94385af215d812.response,572641c7aecdc188554f3859546d5899f6b169220c72cab4faf951ffabf946b9,data/selected_raw_response_evidence/responses/call_438501ed2a94385af215d812.response
call_43bffe16ebaa6fa62297a06a,run_c99d3b1d562acc3e80026e48,DeepSeek-Coder-V2-Lite-Instruct,bigcodebench_instruct,BigCodeBench/294,refinement_need_decision,non_exact_decision_response,stop,raw/run_c99d3b1d562acc3e80026e48/call_43bffe16ebaa6fa62297a06a.response,5c38e98e2d4b7aa90d406e77b56591c272a4fa068d50af176ea5a1b99b1ed870,data/selected_raw_response_evidence/responses/call_43bffe16ebaa6fa62297a06a.response
call_450e8cdc845c82afb70ef029,run_c99d3b1d562acc3e80026e48,DeepSeek-Coder-V2-Lite-Instruct,bigcodebench_instruct,BigCodeBench/222,refinement_need_decision,non_exact_decision_response,stop,raw/run_c99d3b1d562acc3e80026e48/call_450e8cdc845c82afb70ef029.response,5c38e98e2d4b7aa90d406e77b56591c272a4fa068d50af176ea5a1b99b1ed870,data/selected_raw_response_evidence/responses/call_450e8cdc845c82afb70ef029.response
call_4620574dbe629d0ccf7e5d25,run_c99d3b1d562acc3e80026e48,DeepSeek-Coder-V2-Lite-Instruct,bigcodebench_instruct,BigCodeBench/750,refinement_need_decision,non_exact_decision_response,stop,raw/run_c99d3b1d562acc3e80026e48/call_4620574dbe629d0ccf7e5d25.response,5c38e98e2d4b7aa90d406e77b56591c272a4fa068d50af176ea5a1b99b1ed870,data/selected_raw_response_evidence/responses/call_4620574dbe629d0ccf7e5d25.response
call_465ada6541f14c1bb6648bd1,run_c99d3b1d562acc3e80026e48,Qwen3-Coder-30B-A3B-Instruct-FP8,bigcodebench_instruct,BigCodeBench/344,refinement_need_decision,non_exact_decision_response,stop,raw/run_c99d3b1d562acc3e80026e48/call_465ada6541f14c1bb6648bd1.response,022ce2842171bf74af1e0d0c933ebdc4d7bf79e71abf62baaea0856758e09e12,data/selected_raw_response_evidence/responses/call_465ada6541f14c1bb6648bd1.response
call_4a207543b60a39d6dbfe319f,run_c99d3b1d562acc3e80026e48,DeepSeek-Coder-V2-Lite-Instruct,mbpp_plus,Mbpp/138,refinement_need_decision,non_exact_decision_response,stop,raw/run_c99d3b1d562acc3e80026e48/call_4a207543b60a39d6dbfe319f.response,5c38e98e2d4b7aa90d406e77b56591c272a4fa068d50af176ea5a1b99b1ed870,data/selected_raw_response_evidence/responses/call_4a207543b60a39d6dbfe319f.response
call_4caa1da90d228200a22872f9,run_c99d3b1d562acc3e80026e48,DeepSeek-Coder-V2-Lite-Instruct,bigcodebench_instruct,BigCodeBench/920,refinement_need_decision,non_exact_decision_response,stop,raw/run_c99d3b1d562acc3e80026e48/call_4caa1da90d228200a22872f9.response,5c38e98e2d4b7aa90d406e77b56591c272a4fa068d50af176ea5a1b99b1ed870,data/selected_raw_response_evidence/responses/call_4caa1da90d228200a22872f9.response
call_4cf68715ac360774a777b1cc,run_c99d3b1d562acc3e80026e48,DeepSeek-Coder-V2-Lite-Instruct,bigcodebench_instruct,BigCodeBench/291,refinement_need_decision,non_exact_decision_response,stop,raw/run_c99d3b1d562acc3e80026e48/call_4cf68715ac360774a777b1cc.response,5c38e98e2d4b7aa90d406e77b56591c272a4fa068d50af176ea5a1b99b1ed870,data/selected_raw_response_evidence/responses/call_4cf68715ac360774a777b1cc.response
call_4d234293e84b167c8d17c48f,run_c99d3b1d562acc3e80026e48,DeepSeek-Coder-V2-Lite-Instruct,bigcodebench_instruct,BigCodeBench/460,refinement_need_decision,non_exact_decision_response,stop,raw/run_c99d3b1d562acc3e80026e48/call_4d234293e84b167c8d17c48f.response,5c38e98e2d4b7aa90d406e77b56591c272a4fa068d50af176ea5a1b99b1ed870,data/selected_raw_response_evidence/responses/call_4d234293e84b167c8d17c48f.response
call_567485228da21e17ce10952f,run_c99d3b1d562acc3e80026e48,DeepSeek-Coder-V2-Lite-Instruct,bigcodebench_instruct,BigCodeBench/446,refinement_need_decision,non_exact_decision_response,stop,raw/run_c99d3b1d562acc3e80026e48/call_567485228da21e17ce10952f.response,5c38e98e2d4b7aa90d406e77b56591c272a4fa068d50af176ea5a1b99b1ed870,data/selected_raw_response_evidence/responses/call_567485228da21e17ce10952f.response
call_568f88711793cc2cd98525a0,run_c99d3b1d562acc3e80026e48,Qwen3-Coder-30B-A3B-Instruct-FP8,bigcodebench_instruct,BigCodeBench/929,refinement_need_decision,non_exact_decision_response,length,raw/run_c99d3b1d562acc3e80026e48/call_568f88711793cc2cd98525a0.response,8578c0f91d9382f5710d2c86ad4f33f75ec4f02a0b2edcfceab157641b7f9e5b,data/selected_raw_response_evidence/responses/call_568f88711793cc2cd98525a0.response
call_580bf55a9c2769b49198ecd2,run_c99d3b1d562acc3e80026e48,DeepSeek-Coder-V2-Lite-Instruct,bigcodebench_instruct,BigCodeBench/477,refinement_need_decision,non_exact_decision_response,stop,raw/run_c99d3b1d562acc3e80026e48/call_580bf55a9c2769b49198ecd2.response,5c38e98e2d4b7aa90d406e77b56591c272a4fa068d50af176ea5a1b99b1ed870,data/selected_raw_response_evidence/responses/call_580bf55a9c2769b49198ecd2.response
call_59f6441c3bc1045f74b33552,run_c99d3b1d562acc3e80026e48,DeepSeek-Coder-V2-Lite-Instruct,bigcodebench_instruct,BigCodeBench/607,refinement_need_decision,non_exact_decision_response,stop,raw/run_c99d3b1d562acc3e80026e48/call_59f6441c3bc1045f74b33552.response,5c38e98e2d4b7aa90d406e77b56591c272a4fa068d50af176ea5a1b99b1ed870,data/selected_raw_response_evidence/responses/call_59f6441c3bc1045f74b33552.response
call_5c0491514fe76262cb2fccb8,run_c99d3b1d562acc3e80026e48,Qwen3-Coder-30B-A3B-Instruct-FP8,mbpp_plus,Mbpp/250,refinement_need_decision,non_exact_decision_response,length,raw/run_c99d3b1d562acc3e80026e48/call_5c0491514fe76262cb2fccb8.response,01b73e8112f9af0b6d7c93ce5c08a4f86e63c31ccb985c8e897e5d9412f99a33,data/selected_raw_response_evidence/responses/call_5c0491514fe76262cb2fccb8.response
call_5d49a37557a1f226de66ce46,run_c99d3b1d562acc3e80026e48,Qwen3-Coder-30B-A3B-Instruct-FP8,bigcodebench_instruct,BigCodeBench/566,refinement_need_decision,non_exact_decision_response,length,raw/run_c99d3b1d562acc3e80026e48/call_5d49a37557a1f226de66ce46.response,b581d0cc27b5d70abf2b47fb812645d401906d273af8ffc61f93adaa8f7d3f9c,data/selected_raw_response_evidence/responses/call_5d49a37557a1f226de66ce46.response
call_5dcedae241393f7123eabb45,run_c99d3b1d562acc3e80026e48,DeepSeek-Coder-V2-Lite-Instruct,bigcodebench_instruct,BigCodeBench/341,refinement_need_decision,non_exact_decision_response,stop,raw/run_c99d3b1d562acc3e80026e48/call_5dcedae241393f7123eabb45.response,5c38e98e2d4b7aa90d406e77b56591c272a4fa068d50af176ea5a1b99b1ed870,data/selected_raw_response_evidence/responses/call_5dcedae241393f7123eabb45.response
call_5e5eece85aed9103cf3f5194,run_c99d3b1d562acc3e80026e48,DeepSeek-Coder-V2-Lite-Instruct,bigcodebench_instruct,BigCodeBench/502,refinement_need_decision,non_exact_decision_response,stop,raw/run_c99d3b1d562acc3e80026e48/call_5e5eece85aed9103cf3f5194.response,5c38e98e2d4b7aa90d406e77b56591c272a4fa068d50af176ea5a1b99b1ed870,data/selected_raw_response_evidence/responses/call_5e5eece85aed9103cf3f5194.response
call_5eb10b69e9ce5efae55f3c8b,run_c99d3b1d562acc3e80026e48,Qwen3-Coder-30B-A3B-Instruct-FP8,bigcodebench_instruct,BigCodeBench/520,refinement_need_decision,non_exact_decision_response,length,raw/run_c99d3b1d562acc3e80026e48/call_5eb10b69e9ce5efae55f3c8b.response,fefb3d484ccda5e0ac338a96449d508ecd33fa9a6884298857992d11bce7c38e,data/selected_raw_response_evidence/responses/call_5eb10b69e9ce5efae55f3c8b.response
call_5f64a1f0b0c95278aed6c8f9,run_c99d3b1d562acc3e80026e48,DeepSeek-Coder-V2-Lite-Instruct,bigcodebench_instruct,BigCodeBench/883,refinement_need_decision,non_exact_decision_response,stop,raw/run_c99d3b1d562acc3e80026e48/call_5f64a1f0b0c95278aed6c8f9.response,5c38e98e2d4b7aa90d406e77b56591c272a4fa068d50af176ea5a1b99b1ed870,data/selected_raw_response_evidence/responses/call_5f64a1f0b0c95278aed6c8f9.response
call_5f9689ff30161ffe36e9cd5d,run_c99d3b1d562acc3e80026e48,DeepSeek-Coder-V2-Lite-Instruct,bigcodebench_instruct,BigCodeBench/141,refinement_need_decision,non_exact_decision_response,stop,raw/run_c99d3b1d562acc3e80026e48/call_5f9689ff30161ffe36e9cd5d.response,5c38e98e2d4b7aa90d406e77b56591c272a4fa068d50af176ea5a1b99b1ed870,data/selected_raw_response_evidence/responses/call_5f9689ff30161ffe36e9cd5d.response
call_6020eecdfc9602792a7b0b8d,run_c99d3b1d562acc3e80026e48,DeepSeek-Coder-V2-Lite-Instruct,mbpp_plus,Mbpp/63,refinement_need_decision,non_exact_decision_response,stop,raw/run_c99d3b1d562acc3e80026e48/call_6020eecdfc9602792a7b0b8d.response,5c38e98e2d4b7aa90d406e77b56591c272a4fa068d50af176ea5a1b99b1ed870,data/selected_raw_response_evidence/responses/call_6020eecdfc9602792a7b0b8d.response
call_62d6ec2406d33739e09e01ec,run_c99d3b1d562acc3e80026e48,DeepSeek-Coder-V2-Lite-Instruct,bigcodebench_instruct,BigCodeBench/967,refinement_need_decision,non_exact_decision_response,stop,raw/run_c99d3b1d562acc3e80026e48/call_62d6ec2406d33739e09e01ec.response,5c38e98e2d4b7aa90d406e77b56591c272a4fa068d50af176ea5a1b99b1ed870,data/selected_raw_response_evidence/responses/call_62d6ec2406d33739e09e01ec.response
call_6301d0942c2f6f3401abe7b3,run_c99d3b1d562acc3e80026e48,DeepSeek-Coder-V2-Lite-Instruct,humaneval_plus,HumanEval/93,refinement_need_decision,non_exact_decision_response,stop,raw/run_c99d3b1d562acc3e80026e48/call_6301d0942c2f6f3401abe7b3.response,5c38e98e2d4b7aa90d406e77b56591c272a4fa068d50af176ea5a1b99b1ed870,data/selected_raw_response_evidence/responses/call_6301d0942c2f6f3401abe7b3.response
call_63e08f8db02e4d1d59714595,run_c99d3b1d562acc3e80026e48,DeepSeek-Coder-V2-Lite-Instruct,bigcodebench_instruct,BigCodeBench/780,refinement_need_decision,non_exact_decision_response,stop,raw/run_c99d3b1d562acc3e80026e48/call_63e08f8db02e4d1d59714595.response,5c38e98e2d4b7aa90d406e77b56591c272a4fa068d50af176ea5a1b99b1ed870,data/selected_raw_response_evidence/responses/call_63e08f8db02e4d1d59714595.response
call_658c190ae112664d378c3719,run_c99d3b1d562acc3e80026e48,DeepSeek-Coder-V2-Lite-Instruct,bigcodebench_instruct,BigCodeBench/165,refinement_need_decision,non_exact_decision_response,stop,raw/run_c99d3b1d562acc3e80026e48/call_658c190ae112664d378c3719.response,5c38e98e2d4b7aa90d406e77b56591c272a4fa068d50af176ea5a1b99b1ed870,data/selected_raw_response_evidence/responses/call_658c190ae112664d378c3719.response
call_687d585abb908f40dca2b0b0,run_c99d3b1d562acc3e80026e48,DeepSeek-Coder-V2-Lite-Instruct,mbpp_plus,Mbpp/93,refinement_need_decision,non_exact_decision_response,stop,raw/run_c99d3b1d562acc3e80026e48/call_687d585abb908f40dca2b0b0.response,5c38e98e2d4b7aa90d406e77b56591c272a4fa068d50af176ea5a1b99b1ed870,data/selected_raw_response_evidence/responses/call_687d585abb908f40dca2b0b0.response
call_69cccccb8bdc33774d4e7d03,run_c99d3b1d562acc3e80026e48,Devstral-Small-2-24B-Instruct,mbpp_plus,Mbpp/100,direct_generation,malformed_candidate,length,raw/run_c99d3b1d562acc3e80026e48/call_69cccccb8bdc33774d4e7d03.response,d26f6e3ed5e96ef158e48fd8f978edc11af52b5af232d3c475fd07da15f07df7,data/selected_raw_response_evidence/responses/call_69cccccb8bdc33774d4e7d03.response
call_6ba1fcf65c83c8bc72ea8f75,run_c99d3b1d562acc3e80026e48,DeepSeek-Coder-V2-Lite-Instruct,bigcodebench_instruct,BigCodeBench/242,refinement_need_decision,non_exact_decision_response,stop,raw/run_c99d3b1d562acc3e80026e48/call_6ba1fcf65c83c8bc72ea8f75.response,5c38e98e2d4b7aa90d406e77b56591c272a4fa068d50af176ea5a1b99b1ed870,data/selected_raw_response_evidence/responses/call_6ba1fcf65c83c8bc72ea8f75.response
call_6c6e40d81d2cd8d43fff8827,run_c99d3b1d562acc3e80026e48,DeepSeek-Coder-V2-Lite-Instruct,bigcodebench_instruct,BigCodeBench/280,refinement_need_decision,non_exact_decision_response,stop,raw/run_c99d3b1d562acc3e80026e48/call_6c6e40d81d2cd8d43fff8827.response,5c38e98e2d4b7aa90d406e77b56591c272a4fa068d50af176ea5a1b99b1ed870,data/selected_raw_response_evidence/responses/call_6c6e40d81d2cd8d43fff8827.response
call_6f7d0d3310e5e3e63e2629f5,run_c99d3b1d562acc3e80026e48,Qwen3-Coder-30B-A3B-Instruct-FP8,humaneval_plus,HumanEval/149,refinement_need_decision,non_exact_decision_response,length,raw/run_c99d3b1d562acc3e80026e48/call_6f7d0d3310e5e3e63e2629f5.response,da68d117b1d2effab671a887041a2516343103d9f06679b536bbc849df3c30b2,data/selected_raw_response_evidence/responses/call_6f7d0d3310e5e3e63e2629f5.response
call_7233a71440ddb484c40db37c,run_c99d3b1d562acc3e80026e48,DeepSeek-Coder-V2-Lite-Instruct,bigcodebench_instruct,BigCodeBench/982,refinement_need_decision,non_exact_decision_response,stop,raw/run_c99d3b1d562acc3e80026e48/call_7233a71440ddb484c40db37c.response,5c38e98e2d4b7aa90d406e77b56591c272a4fa068d50af176ea5a1b99b1ed870,data/selected_raw_response_evidence/responses/call_7233a71440ddb484c40db37c.response
call_742dc15f8f7f911018b10482,run_c99d3b1d562acc3e80026e48,Devstral-Small-2-24B-Instruct,humaneval_plus,HumanEval/130,direct_revision,malformed_candidate,length,raw/run_c99d3b1d562acc3e80026e48/call_742dc15f8f7f911018b10482.response,94f9f15a90cc85558100e2a65486340b8a4da3890010690b656ece7f420d8363,data/selected_raw_response_evidence/responses/call_742dc15f8f7f911018b10482.response
call_74a3c02425e0886e7e644dea,run_c99d3b1d562acc3e80026e48,DeepSeek-Coder-V2-Lite-Instruct,bigcodebench_instruct,BigCodeBench/977,refinement_need_decision,non_exact_decision_response,stop,raw/run_c99d3b1d562acc3e80026e48/call_74a3c02425e0886e7e644dea.response,5c38e98e2d4b7aa90d406e77b56591c272a4fa068d50af176ea5a1b99b1ed870,data/selected_raw_response_evidence/responses/call_74a3c02425e0886e7e644dea.response
call_76fcf615e3139aae589f203e,run_c99d3b1d562acc3e80026e48,DeepSeek-Coder-V2-Lite-Instruct,mbpp_plus,Mbpp/120,refinement_need_decision,non_exact_decision_response,stop,raw/run_c99d3b1d562acc3e80026e48/call_76fcf615e3139aae589f203e.response,5c38e98e2d4b7aa90d406e77b56591c272a4fa068d50af176ea5a1b99b1ed870,data/selected_raw_response_evidence/responses/call_76fcf615e3139aae589f203e.response
call_7800679845e4fd644abf2490,run_c99d3b1d562acc3e80026e48,DeepSeek-Coder-V2-Lite-Instruct,bigcodebench_instruct,BigCodeBench/111,refinement_need_decision,non_exact_decision_response,stop,raw/run_c99d3b1d562acc3e80026e48/call_7800679845e4fd644abf2490.response,5c38e98e2d4b7aa90d406e77b56591c272a4fa068d50af176ea5a1b99b1ed870,data/selected_raw_response_evidence/responses/call_7800679845e4fd644abf2490.response
call_787cb0627f54e34befa83c26,run_c99d3b1d562acc3e80026e48,DeepSeek-Coder-V2-Lite-Instruct,bigcodebench_instruct,BigCodeBench/522,refinement_need_decision,non_exact_decision_response,stop,raw/run_c99d3b1d562acc3e80026e48/call_787cb0627f54e34befa83c26.response,5c38e98e2d4b7aa90d406e77b56591c272a4fa068d50af176ea5a1b99b1ed870,data/selected_raw_response_evidence/responses/call_787cb0627f54e34befa83c26.response
call_7acba6c8f5721740320c3a31,run_c99d3b1d562acc3e80026e48,DeepSeek-Coder-V2-Lite-Instruct,bigcodebench_instruct,BigCodeBench/1023,refinement_need_decision,non_exact_decision_response,stop,raw/run_c99d3b1d562acc3e80026e48/call_7acba6c8f5721740320c3a31.response,5c38e98e2d4b7aa90d406e77b56591c272a4fa068d50af176ea5a1b99b1ed870,data/selected_raw_response_evidence/responses/call_7acba6c8f5721740320c3a31.response
call_7b5f3cc9363b3925d50fb9c4,run_c99d3b1d562acc3e80026e48,DeepSeek-Coder-V2-Lite-Instruct,mbpp_plus,Mbpp/739,refinement_need_decision,non_exact_decision_response,stop,raw/run_c99d3b1d562acc3e80026e48/call_7b5f3cc9363b3925d50fb9c4.response,5c38e98e2d4b7aa90d406e77b56591c272a4fa068d50af176ea5a1b99b1ed870,data/selected_raw_response_evidence/responses/call_7b5f3cc9363b3925d50fb9c4.response
call_7b7cf620a03dab5de5fc29a7,run_c99d3b1d562acc3e80026e48,DeepSeek-Coder-V2-Lite-Instruct,bigcodebench_instruct,BigCodeBench/157,refinement_need_decision,non_exact_decision_response,stop,raw/run_c99d3b1d562acc3e80026e48/call_7b7cf620a03dab5de5fc29a7.response,5c38e98e2d4b7aa90d406e77b56591c272a4fa068d50af176ea5a1b99b1ed870,data/selected_raw_response_evidence/responses/call_7b7cf620a03dab5de5fc29a7.response
call_7d0ae1d413cc51c7313aa002,run_c99d3b1d562acc3e80026e48,DeepSeek-Coder-V2-Lite-Instruct,bigcodebench_instruct,BigCodeBench/601,refinement_need_decision,non_exact_decision_response,stop,raw/run_c99d3b1d562acc3e80026e48/call_7d0ae1d413cc51c7313aa002.response,5c38e98e2d4b7aa90d406e77b56591c272a4fa068d50af176ea5a1b99b1ed870,data/selected_raw_response_evidence/responses/call_7d0ae1d413cc51c7313aa002.response
call_7e8f87096bf95b928ae1aece,run_c99d3b1d562acc3e80026e48,Qwen3-Coder-30B-A3B-Instruct-FP8,bigcodebench_instruct,BigCodeBench/631,refinement_need_decision,non_exact_decision_response,length,raw/run_c99d3b1d562acc3e80026e48/call_7e8f87096bf95b928ae1aece.response,593b0440497b2773e4a4577ab3502d465229c3119e07203a2b97d4c35765f053,data/selected_raw_response_evidence/responses/call_7e8f87096bf95b928ae1aece.response
call_7f355f06b9a4463b220241a3,run_c99d3b1d562acc3e80026e48,Qwen3-Coder-30B-A3B-Instruct-FP8,bigcodebench_instruct,BigCodeBench/40,refinement_need_decision,non_exact_decision_response,length,raw/run_c99d3b1d562acc3e80026e48/call_7f355f06b9a4463b220241a3.response,0fefabe65ae30bc747522aff51932a93e62721ada6a56cc7e0aa6e6c511f7e79,data/selected_raw_response_evidence/responses/call_7f355f06b9a4463b220241a3.response
call_7f74ce14fa093edb5ddb0bfb,run_c99d3b1d562acc3e80026e48,DeepSeek-Coder-V2-Lite-Instruct,bigcodebench_instruct,BigCodeBench/248,refinement_need_decision,non_exact_decision_response,stop,raw/run_c99d3b1d562acc3e80026e48/call_7f74ce14fa093edb5ddb0bfb.response,5c38e98e2d4b7aa90d406e77b56591c272a4fa068d50af176ea5a1b99b1ed870,data/selected_raw_response_evidence/responses/call_7f74ce14fa093edb5ddb0bfb.response
call_7f78e7b1b53ed8edd672cf79,run_c99d3b1d562acc3e80026e48,DeepSeek-Coder-V2-Lite-Instruct,bigcodebench_instruct,BigCodeBench/595,refinement_need_decision,non_exact_decision_response,stop,raw/run_c99d3b1d562acc3e80026e48/call_7f78e7b1b53ed8edd672cf79.response,5c38e98e2d4b7aa90d406e77b56591c272a4fa068d50af176ea5a1b99b1ed870,data/selected_raw_response_evidence/responses/call_7f78e7b1b53ed8edd672cf79.response
call_802a0c1118bfd150cc43b84f,run_c99d3b1d562acc3e80026e48,Qwen3-Coder-30B-A3B-Instruct-FP8,mbpp_plus,Mbpp/440,refinement_need_decision,non_exact_decision_response,length,raw/run_c99d3b1d562acc3e80026e48/call_802a0c1118bfd150cc43b84f.response,30bcbaeacc58c7de37c9bb77eaa508bed064780a79099b9f17ea7d97fc068e92,data/selected_raw_response_evidence/responses/call_802a0c1118bfd150cc43b84f.response
call_85b1a9ffdf2512a77ecc73e6,run_c99d3b1d562acc3e80026e48,DeepSeek-Coder-V2-Lite-Instruct,bigcodebench_instruct,BigCodeBench/551,refinement_need_decision,non_exact_decision_response,stop,raw/run_c99d3b1d562acc3e80026e48/call_85b1a9ffdf2512a77ecc73e6.response,5c38e98e2d4b7aa90d406e77b56591c272a4fa068d50af176ea5a1b99b1ed870,data/selected_raw_response_evidence/responses/call_85b1a9ffdf2512a77ecc73e6.response
call_863ce74f5e92c1cafd56b69f,run_c99d3b1d562acc3e80026e48,DeepSeek-Coder-V2-Lite-Instruct,bigcodebench_instruct,BigCodeBench/661,refinement_need_decision,non_exact_decision_response,stop,raw/run_c99d3b1d562acc3e80026e48/call_863ce74f5e92c1cafd56b69f.response,5c38e98e2d4b7aa90d406e77b56591c272a4fa068d50af176ea5a1b99b1ed870,data/selected_raw_response_evidence/responses/call_863ce74f5e92c1cafd56b69f.response
call_86550980bff1da77dce3b9a5,run_c99d3b1d562acc3e80026e48,Qwen3-Coder-30B-A3B-Instruct-FP8,bigcodebench_instruct,BigCodeBench/1045,direct_generation,malformed_candidate,length,raw/run_c99d3b1d562acc3e80026e48/call_86550980bff1da77dce3b9a5.response,144d4d3465e7d86e05a26affad118c3327cf15eca0a432728fcd6c04cefb81c6,data/selected_raw_response_evidence/responses/call_86550980bff1da77dce3b9a5.response
call_88ffb00b80727381b6e68395,run_c99d3b1d562acc3e80026e48,Qwen3-Coder-30B-A3B-Instruct-FP8,bigcodebench_instruct,BigCodeBench/560,refinement_need_decision,non_exact_decision_response,length,raw/run_c99d3b1d562acc3e80026e48/call_88ffb00b80727381b6e68395.response,bd66242565edc2dd5ca26b42358319e367a086f2c4c1c566e2cca660b6efe29c,data/selected_raw_response_evidence/responses/call_88ffb00b80727381b6e68395.response
call_896c01e51fef8a7333df55f6,run_c99d3b1d562acc3e80026e48,DeepSeek-Coder-V2-Lite-Instruct,mbpp_plus,Mbpp/780,refinement_need_decision,non_exact_decision_response,stop,raw/run_c99d3b1d562acc3e80026e48/call_896c01e51fef8a7333df55f6.response,5c38e98e2d4b7aa90d406e77b56591c272a4fa068d50af176ea5a1b99b1ed870,data/selected_raw_response_evidence/responses/call_896c01e51fef8a7333df55f6.response
call_89952acd759e299a6f962273,run_c99d3b1d562acc3e80026e48,DeepSeek-Coder-V2-Lite-Instruct,bigcodebench_instruct,BigCodeBench/112,refinement_need_decision,non_exact_decision_response,stop,raw/run_c99d3b1d562acc3e80026e48/call_89952acd759e299a6f962273.response,5c38e98e2d4b7aa90d406e77b56591c272a4fa068d50af176ea5a1b99b1ed870,data/selected_raw_response_evidence/responses/call_89952acd759e299a6f962273.response
call_8b99ea89b0e8a082d767208c,run_c99d3b1d562acc3e80026e48,DeepSeek-Coder-V2-Lite-Instruct,mbpp_plus,Mbpp/463,refinement_need_decision,non_exact_decision_response,stop,raw/run_c99d3b1d562acc3e80026e48/call_8b99ea89b0e8a082d767208c.response,5c38e98e2d4b7aa90d406e77b56591c272a4fa068d50af176ea5a1b99b1ed870,data/selected_raw_response_evidence/responses/call_8b99ea89b0e8a082d767208c.response
call_8cecc0d0910c39225df2e5a9,run_c99d3b1d562acc3e80026e48,DeepSeek-Coder-V2-Lite-Instruct,bigcodebench_instruct,BigCodeBench/835,refinement_need_decision,non_exact_decision_response,stop,raw/run_c99d3b1d562acc3e80026e48/call_8cecc0d0910c39225df2e5a9.response,5c38e98e2d4b7aa90d406e77b56591c272a4fa068d50af176ea5a1b99b1ed870,data/selected_raw_response_evidence/responses/call_8cecc0d0910c39225df2e5a9.response
call_8ed9f62149233f5b8bda1ef4,run_c99d3b1d562acc3e80026e48,DeepSeek-Coder-V2-Lite-Instruct,bigcodebench_instruct,BigCodeBench/200,refinement_need_decision,non_exact_decision_response,stop,raw/run_c99d3b1d562acc3e80026e48/call_8ed9f62149233f5b8bda1ef4.response,5c38e98e2d4b7aa90d406e77b56591c272a4fa068d50af176ea5a1b99b1ed870,data/selected_raw_response_evidence/responses/call_8ed9f62149233f5b8bda1ef4.response
call_8ef34f23aa6edae766de9cc4,run_c99d3b1d562acc3e80026e48,Qwen3-Coder-30B-A3B-Instruct-FP8,humaneval_plus,HumanEval/109,direct_generation,malformed_candidate,length,raw/run_c99d3b1d562acc3e80026e48/call_8ef34f23aa6edae766de9cc4.response,7ba713487fcd7228528f676edba31f413c66a5016a97b3c764ed907dd202c342,data/selected_raw_response_evidence/responses/call_8ef34f23aa6edae766de9cc4.response
call_9017dcaeefb0e2b37da3abe1,run_c99d3b1d562acc3e80026e48,DeepSeek-Coder-V2-Lite-Instruct,mbpp_plus,Mbpp/397,refinement_need_decision,non_exact_decision_response,stop,raw/run_c99d3b1d562acc3e80026e48/call_9017dcaeefb0e2b37da3abe1.response,5c38e98e2d4b7aa90d406e77b56591c272a4fa068d50af176ea5a1b99b1ed870,data/selected_raw_response_evidence/responses/call_9017dcaeefb0e2b37da3abe1.response
call_9068775017cc286739b46828,run_c99d3b1d562acc3e80026e48,DeepSeek-Coder-V2-Lite-Instruct,bigcodebench_instruct,BigCodeBench/367,refinement_need_decision,non_exact_decision_response,stop,raw/run_c99d3b1d562acc3e80026e48/call_9068775017cc286739b46828.response,5c38e98e2d4b7aa90d406e77b56591c272a4fa068d50af176ea5a1b99b1ed870,data/selected_raw_response_evidence/responses/call_9068775017cc286739b46828.response
call_91645b1e7784414e6951ff43,run_c99d3b1d562acc3e80026e48,DeepSeek-Coder-V2-Lite-Instruct,bigcodebench_instruct,BigCodeBench/474,refinement_need_decision,non_exact_decision_response,stop,raw/run_c99d3b1d562acc3e80026e48/call_91645b1e7784414e6951ff43.response,5c38e98e2d4b7aa90d406e77b56591c272a4fa068d50af176ea5a1b99b1ed870,data/selected_raw_response_evidence/responses/call_91645b1e7784414e6951ff43.response
call_91e119c68ba9804c4d427b06,run_c99d3b1d562acc3e80026e48,DeepSeek-Coder-V2-Lite-Instruct,bigcodebench_instruct,BigCodeBench/451,refinement_need_decision,non_exact_decision_response,stop,raw/run_c99d3b1d562acc3e80026e48/call_91e119c68ba9804c4d427b06.response,5c38e98e2d4b7aa90d406e77b56591c272a4fa068d50af176ea5a1b99b1ed870,data/selected_raw_response_evidence/responses/call_91e119c68ba9804c4d427b06.response
call_92626ba6869c6b03877f9ad0,run_c99d3b1d562acc3e80026e48,DeepSeek-Coder-V2-Lite-Instruct,bigcodebench_instruct,BigCodeBench/58,refinement_need_decision,non_exact_decision_response,stop,raw/run_c99d3b1d562acc3e80026e48/call_92626ba6869c6b03877f9ad0.response,5c38e98e2d4b7aa90d406e77b56591c272a4fa068d50af176ea5a1b99b1ed870,data/selected_raw_response_evidence/responses/call_92626ba6869c6b03877f9ad0.response
call_97069414465404190bd50511,run_c99d3b1d562acc3e80026e48,DeepSeek-Coder-V2-Lite-Instruct,bigcodebench_instruct,BigCodeBench/537,refinement_need_decision,non_exact_decision_response,stop,raw/run_c99d3b1d562acc3e80026e48/call_97069414465404190bd50511.response,5c38e98e2d4b7aa90d406e77b56591c272a4fa068d50af176ea5a1b99b1ed870,data/selected_raw_response_evidence/responses/call_97069414465404190bd50511.response
call_990dd88748b4cac2ba24fb9c,run_c99d3b1d562acc3e80026e48,Qwen3-Coder-30B-A3B-Instruct-FP8,bigcodebench_instruct,BigCodeBench/436,refinement_need_decision,non_exact_decision_response,length,raw/run_c99d3b1d562acc3e80026e48/call_990dd88748b4cac2ba24fb9c.response,18336bb89e68ac10f3e012c8adfd77737ec143b957e10bef99a1029ae17c479c,data/selected_raw_response_evidence/responses/call_990dd88748b4cac2ba24fb9c.response
call_9be80fd71e99a0b495d22422,run_c99d3b1d562acc3e80026e48,DeepSeek-Coder-V2-Lite-Instruct,bigcodebench_instruct,BigCodeBench/1069,refinement_need_decision,non_exact_decision_response,stop,raw/run_c99d3b1d562acc3e80026e48/call_9be80fd71e99a0b495d22422.response,5c38e98e2d4b7aa90d406e77b56591c272a4fa068d50af176ea5a1b99b1ed870,data/selected_raw_response_evidence/responses/call_9be80fd71e99a0b495d22422.response
call_9d893565e86095443f8093bd,run_c99d3b1d562acc3e80026e48,DeepSeek-Coder-V2-Lite-Instruct,bigcodebench_instruct,BigCodeBench/457,refinement_need_decision,non_exact_decision_response,stop,raw/run_c99d3b1d562acc3e80026e48/call_9d893565e86095443f8093bd.response,5c38e98e2d4b7aa90d406e77b56591c272a4fa068d50af176ea5a1b99b1ed870,data/selected_raw_response_evidence/responses/call_9d893565e86095443f8093bd.response
call_9e9ce814cd19fc82b003f15a,run_c99d3b1d562acc3e80026e48,DeepSeek-Coder-V2-Lite-Instruct,mbpp_plus,Mbpp/123,refinement_need_decision,non_exact_decision_response,stop,raw/run_c99d3b1d562acc3e80026e48/call_9e9ce814cd19fc82b003f15a.response,5c38e98e2d4b7aa90d406e77b56591c272a4fa068d50af176ea5a1b99b1ed870,data/selected_raw_response_evidence/responses/call_9e9ce814cd19fc82b003f15a.response
call_a158ef5ace938f987765aeaa,run_c99d3b1d562acc3e80026e48,DeepSeek-Coder-V2-Lite-Instruct,bigcodebench_instruct,BigCodeBench/103,refinement_need_decision,non_exact_decision_response,stop,raw/run_c99d3b1d562acc3e80026e48/call_a158ef5ace938f987765aeaa.response,5c38e98e2d4b7aa90d406e77b56591c272a4fa068d50af176ea5a1b99b1ed870,data/selected_raw_response_evidence/responses/call_a158ef5ace938f987765aeaa.response
call_a1681db8a2e8a145019d9e1b,run_c99d3b1d562acc3e80026e48,DeepSeek-Coder-V2-Lite-Instruct,bigcodebench_instruct,BigCodeBench/43,refinement_need_decision,non_exact_decision_response,stop,raw/run_c99d3b1d562acc3e80026e48/call_a1681db8a2e8a145019d9e1b.response,5c38e98e2d4b7aa90d406e77b56591c272a4fa068d50af176ea5a1b99b1ed870,data/selected_raw_response_evidence/responses/call_a1681db8a2e8a145019d9e1b.response
call_a2b1fa98bd03a14c5393ae97,run_c99d3b1d562acc3e80026e48,Qwen3-Coder-30B-A3B-Instruct-FP8,bigcodebench_instruct,BigCodeBench/476,refinement_need_decision,non_exact_decision_response,length,raw/run_c99d3b1d562acc3e80026e48/call_a2b1fa98bd03a14c5393ae97.response,c16e4c1950c4e393462aeed79aeca93c4e4a84ebb1e7dc08a49f576b1e2a2e63,data/selected_raw_response_evidence/responses/call_a2b1fa98bd03a14c5393ae97.response
call_a3072630d49efd2c8a7f9e6f,run_c99d3b1d562acc3e80026e48,Qwen3-Coder-30B-A3B-Instruct-FP8,bigcodebench_instruct,BigCodeBench/846,refinement_need_decision,non_exact_decision_response,length,raw/run_c99d3b1d562acc3e80026e48/call_a3072630d49efd2c8a7f9e6f.response,dbfb5e71c15bfd5a0cd111396fde3efc2225fa2d9fcf27ffae188310e1baeb96,data/selected_raw_response_evidence/responses/call_a3072630d49efd2c8a7f9e6f.response
call_a3b9b424058181bbf8bce99b,run_c99d3b1d562acc3e80026e48,DeepSeek-Coder-V2-Lite-Instruct,humaneval_plus,HumanEval/50,refinement_need_decision,non_exact_decision_response,stop,raw/run_c99d3b1d562acc3e80026e48/call_a3b9b424058181bbf8bce99b.response,5c38e98e2d4b7aa90d406e77b56591c272a4fa068d50af176ea5a1b99b1ed870,data/selected_raw_response_evidence/responses/call_a3b9b424058181bbf8bce99b.response
call_a47d832d04fbf0c9911ec35b,run_c99d3b1d562acc3e80026e48,DeepSeek-Coder-V2-Lite-Instruct,bigcodebench_instruct,BigCodeBench/1031,refinement_need_decision,non_exact_decision_response,stop,raw/run_c99d3b1d562acc3e80026e48/call_a47d832d04fbf0c9911ec35b.response,5c38e98e2d4b7aa90d406e77b56591c272a4fa068d50af176ea5a1b99b1ed870,data/selected_raw_response_evidence/responses/call_a47d832d04fbf0c9911ec35b.response
call_a4b0e1f77f6e47c74bd2be4a,run_c99d3b1d562acc3e80026e48,Qwen3-Coder-30B-A3B-Instruct-FP8,bigcodebench_instruct,BigCodeBench/198,refinement_need_decision,non_exact_decision_response,length,raw/run_c99d3b1d562acc3e80026e48/call_a4b0e1f77f6e47c74bd2be4a.response,bf6ebda7c604f5c6d134b2b032e7c1b5a16bf8559fae5868a236e997c3f29bb7,data/selected_raw_response_evidence/responses/call_a4b0e1f77f6e47c74bd2be4a.response
call_a6b832e4f4e924709d26986e,run_c99d3b1d562acc3e80026e48,DeepSeek-Coder-V2-Lite-Instruct,bigcodebench_instruct,BigCodeBench/824,refinement_need_decision,non_exact_decision_response,stop,raw/run_c99d3b1d562acc3e80026e48/call_a6b832e4f4e924709d26986e.response,5c38e98e2d4b7aa90d406e77b56591c272a4fa068d50af176ea5a1b99b1ed870,data/selected_raw_response_evidence/responses/call_a6b832e4f4e924709d26986e.response
call_a73b9be2237460769a72e94e,run_c99d3b1d562acc3e80026e48,DeepSeek-Coder-V2-Lite-Instruct,bigcodebench_instruct,BigCodeBench/592,refinement_need_decision,non_exact_decision_response,stop,raw/run_c99d3b1d562acc3e80026e48/call_a73b9be2237460769a72e94e.response,5c38e98e2d4b7aa90d406e77b56591c272a4fa068d50af176ea5a1b99b1ed870,data/selected_raw_response_evidence/responses/call_a73b9be2237460769a72e94e.response
call_a7d18123281996c2a855360d,run_c99d3b1d562acc3e80026e48,DeepSeek-Coder-V2-Lite-Instruct,bigcodebench_instruct,BigCodeBench/1071,refinement_need_decision,non_exact_decision_response,stop,raw/run_c99d3b1d562acc3e80026e48/call_a7d18123281996c2a855360d.response,5c38e98e2d4b7aa90d406e77b56591c272a4fa068d50af176ea5a1b99b1ed870,data/selected_raw_response_evidence/responses/call_a7d18123281996c2a855360d.response
call_a838f5289453a3482903e382,run_c99d3b1d562acc3e80026e48,DeepSeek-Coder-V2-Lite-Instruct,bigcodebench_instruct,BigCodeBench/39,refinement_need_decision,non_exact_decision_response,stop,raw/run_c99d3b1d562acc3e80026e48/call_a838f5289453a3482903e382.response,5c38e98e2d4b7aa90d406e77b56591c272a4fa068d50af176ea5a1b99b1ed870,data/selected_raw_response_evidence/responses/call_a838f5289453a3482903e382.response
call_a9aafefad08cd9c7aabeb01e,run_c99d3b1d562acc3e80026e48,Qwen3-Coder-30B-A3B-Instruct-FP8,bigcodebench_instruct,BigCodeBench/647,refinement_need_decision,non_exact_decision_response,length,raw/run_c99d3b1d562acc3e80026e48/call_a9aafefad08cd9c7aabeb01e.response,1fa83cbd87aa7097ba16ea6be408d3d3e8d36ccf1560b924f60be9719e55e7b0,data/selected_raw_response_evidence/responses/call_a9aafefad08cd9c7aabeb01e.response
call_a9e887fe1423225c87fec188,run_c99d3b1d562acc3e80026e48,DeepSeek-Coder-V2-Lite-Instruct,mbpp_plus,Mbpp/777,refinement_need_decision,non_exact_decision_response,stop,raw/run_c99d3b1d562acc3e80026e48/call_a9e887fe1423225c87fec188.response,5c38e98e2d4b7aa90d406e77b56591c272a4fa068d50af176ea5a1b99b1ed870,data/selected_raw_response_evidence/responses/call_a9e887fe1423225c87fec188.response
call_aa9ad17d44cf1f9fb2e9d52a,run_c99d3b1d562acc3e80026e48,DeepSeek-Coder-V2-Lite-Instruct,bigcodebench_instruct,BigCodeBench/391,refinement_need_decision,non_exact_decision_response,stop,raw/run_c99d3b1d562acc3e80026e48/call_aa9ad17d44cf1f9fb2e9d52a.response,5c38e98e2d4b7aa90d406e77b56591c272a4fa068d50af176ea5a1b99b1ed870,data/selected_raw_response_evidence/responses/call_aa9ad17d44cf1f9fb2e9d52a.response
call_ab97493859f8025c8b0a45a1,run_c99d3b1d562acc3e80026e48,DeepSeek-Coder-V2-Lite-Instruct,bigcodebench_instruct,BigCodeBench/57,refinement_need_decision,non_exact_decision_response,stop,raw/run_c99d3b1d562acc3e80026e48/call_ab97493859f8025c8b0a45a1.response,5c38e98e2d4b7aa90d406e77b56591c272a4fa068d50af176ea5a1b99b1ed870,data/selected_raw_response_evidence/responses/call_ab97493859f8025c8b0a45a1.response
call_acb3b9b28bff1a2d02c07f7e,run_c99d3b1d562acc3e80026e48,DeepSeek-Coder-V2-Lite-Instruct,bigcodebench_instruct,BigCodeBench/91,refinement_need_decision,non_exact_decision_response,stop,raw/run_c99d3b1d562acc3e80026e48/call_acb3b9b28bff1a2d02c07f7e.response,5c38e98e2d4b7aa90d406e77b56591c272a4fa068d50af176ea5a1b99b1ed870,data/selected_raw_response_evidence/responses/call_acb3b9b28bff1a2d02c07f7e.response
call_ad635becdb8b5a300e110685,run_c99d3b1d562acc3e80026e48,Qwen3-Coder-30B-A3B-Instruct-FP8,bigcodebench_instruct,BigCodeBench/940,refinement_need_decision,non_exact_decision_response,length,raw/run_c99d3b1d562acc3e80026e48/call_ad635becdb8b5a300e110685.response,dcfbc1aa2efbf57bd413476983de248ef9901f7758cd26e13f643d6176287aa1,data/selected_raw_response_evidence/responses/call_ad635becdb8b5a300e110685.response
call_adb29396ce7c14ea26f1dbb1,run_c99d3b1d562acc3e80026e48,DeepSeek-Coder-V2-Lite-Instruct,bigcodebench_instruct,BigCodeBench/345,refinement_need_decision,non_exact_decision_response,stop,raw/run_c99d3b1d562acc3e80026e48/call_adb29396ce7c14ea26f1dbb1.response,5c38e98e2d4b7aa90d406e77b56591c272a4fa068d50af176ea5a1b99b1ed870,data/selected_raw_response_evidence/responses/call_adb29396ce7c14ea26f1dbb1.response
call_adf28df60d262c1c6be696fb,run_c99d3b1d562acc3e80026e48,Qwen3-Coder-30B-A3B-Instruct-FP8,bigcodebench_instruct,BigCodeBench/757,refinement_need_decision,non_exact_decision_response,length,raw/run_c99d3b1d562acc3e80026e48/call_adf28df60d262c1c6be696fb.response,e959821bf0b640a6f8d3d81e598f787f2d3e0d809d4233f189dc7d710cb0361d,data/selected_raw_response_evidence/responses/call_adf28df60d262c1c6be696fb.response
call_ae774bcf5334cd4ca45b54e3,run_c99d3b1d562acc3e80026e48,Qwen3-Coder-30B-A3B-Instruct-FP8,bigcodebench_instruct,BigCodeBench/691,refinement_need_decision,non_exact_decision_response,stop,raw/run_c99d3b1d562acc3e80026e48/call_ae774bcf5334cd4ca45b54e3.response,997f841d3ba172c8be5611ae32a1ef8540cb66778be5be02166bbf52f0f2b1bd,data/selected_raw_response_evidence/responses/call_ae774bcf5334cd4ca45b54e3.response
call_af22cb1157a03a240e20c5f1,run_c99d3b1d562acc3e80026e48,DeepSeek-Coder-V2-Lite-Instruct,bigcodebench_instruct,BigCodeBench/516,refinement_need_decision,non_exact_decision_response,stop,raw/run_c99d3b1d562acc3e80026e48/call_af22cb1157a03a240e20c5f1.response,5c38e98e2d4b7aa90d406e77b56591c272a4fa068d50af176ea5a1b99b1ed870,data/selected_raw_response_evidence/responses/call_af22cb1157a03a240e20c5f1.response
call_b2a6e9873034c84d0e52ab1e,run_c99d3b1d562acc3e80026e48,DeepSeek-Coder-V2-Lite-Instruct,bigcodebench_instruct,BigCodeBench/220,refinement_need_decision,non_exact_decision_response,stop,raw/run_c99d3b1d562acc3e80026e48/call_b2a6e9873034c84d0e52ab1e.response,5c38e98e2d4b7aa90d406e77b56591c272a4fa068d50af176ea5a1b99b1ed870,data/selected_raw_response_evidence/responses/call_b2a6e9873034c84d0e52ab1e.response
call_b3a20f24be4601c656022195,run_c99d3b1d562acc3e80026e48,DeepSeek-Coder-V2-Lite-Instruct,bigcodebench_instruct,BigCodeBench/944,refinement_need_decision,non_exact_decision_response,stop,raw/run_c99d3b1d562acc3e80026e48/call_b3a20f24be4601c656022195.response,5c38e98e2d4b7aa90d406e77b56591c272a4fa068d50af176ea5a1b99b1ed870,data/selected_raw_response_evidence/responses/call_b3a20f24be4601c656022195.response
call_b542781328ac999047d1de93,run_c99d3b1d562acc3e80026e48,DeepSeek-Coder-V2-Lite-Instruct,mbpp_plus,Mbpp/235,refinement_need_decision,non_exact_decision_response,stop,raw/run_c99d3b1d562acc3e80026e48/call_b542781328ac999047d1de93.response,5c38e98e2d4b7aa90d406e77b56591c272a4fa068d50af176ea5a1b99b1ed870,data/selected_raw_response_evidence/responses/call_b542781328ac999047d1de93.response
call_b5dae23d297a7e6600557500,run_c99d3b1d562acc3e80026e48,DeepSeek-Coder-V2-Lite-Instruct,bigcodebench_instruct,BigCodeBench/540,refinement_need_decision,non_exact_decision_response,stop,raw/run_c99d3b1d562acc3e80026e48/call_b5dae23d297a7e6600557500.response,5c38e98e2d4b7aa90d406e77b56591c272a4fa068d50af176ea5a1b99b1ed870,data/selected_raw_response_evidence/responses/call_b5dae23d297a7e6600557500.response
call_b6589fc096ec5fdfcd60730e,run_c99d3b1d562acc3e80026e48,DeepSeek-Coder-V2-Lite-Instruct,bigcodebench_instruct,BigCodeBench/885,refinement_need_decision,non_exact_decision_response,stop,raw/run_c99d3b1d562acc3e80026e48/call_b6589fc096ec5fdfcd60730e.response,5c38e98e2d4b7aa90d406e77b56591c272a4fa068d50af176ea5a1b99b1ed870,data/selected_raw_response_evidence/responses/call_b6589fc096ec5fdfcd60730e.response
call_b6fef46c95b9eac438e6beeb,run_c99d3b1d562acc3e80026e48,DeepSeek-Coder-V2-Lite-Instruct,bigcodebench_instruct,BigCodeBench/660,refinement_need_decision,non_exact_decision_response,stop,raw/run_c99d3b1d562acc3e80026e48/call_b6fef46c95b9eac438e6beeb.response,5c38e98e2d4b7aa90d406e77b56591c272a4fa068d50af176ea5a1b99b1ed870,data/selected_raw_response_evidence/responses/call_b6fef46c95b9eac438e6beeb.response
call_b7c472ce1fb107777511f569,run_c99d3b1d562acc3e80026e48,DeepSeek-Coder-V2-Lite-Instruct,bigcodebench_instruct,BigCodeBench/396,refinement_need_decision,non_exact_decision_response,stop,raw/run_c99d3b1d562acc3e80026e48/call_b7c472ce1fb107777511f569.response,5c38e98e2d4b7aa90d406e77b56591c272a4fa068d50af176ea5a1b99b1ed870,data/selected_raw_response_evidence/responses/call_b7c472ce1fb107777511f569.response
call_b856680820a53129d489c93a,run_c99d3b1d562acc3e80026e48,Qwen3-Coder-30B-A3B-Instruct-FP8,bigcodebench_instruct,BigCodeBench/3,refinement_need_decision,non_exact_decision_response,length,raw/run_c99d3b1d562acc3e80026e48/call_b856680820a53129d489c93a.response,700825e6d62491e4ba3022e4dd9160ee93952c1a8383b6342e6655e2c104428d,data/selected_raw_response_evidence/responses/call_b856680820a53129d489c93a.response
call_b9777de82519d2e6b5e74b53,run_c99d3b1d562acc3e80026e48,DeepSeek-Coder-V2-Lite-Instruct,mbpp_plus,Mbpp/622,refinement_need_decision,non_exact_decision_response,stop,raw/run_c99d3b1d562acc3e80026e48/call_b9777de82519d2e6b5e74b53.response,5c38e98e2d4b7aa90d406e77b56591c272a4fa068d50af176ea5a1b99b1ed870,data/selected_raw_response_evidence/responses/call_b9777de82519d2e6b5e74b53.response
call_bd5362c94b115e850b3b4e7d,run_c99d3b1d562acc3e80026e48,DeepSeek-Coder-V2-Lite-Instruct,bigcodebench_instruct,BigCodeBench/611,refinement_need_decision,non_exact_decision_response,stop,raw/run_c99d3b1d562acc3e80026e48/call_bd5362c94b115e850b3b4e7d.response,5c38e98e2d4b7aa90d406e77b56591c272a4fa068d50af176ea5a1b99b1ed870,data/selected_raw_response_evidence/responses/call_bd5362c94b115e850b3b4e7d.response
call_bdc87b47b75647b23d760619,run_c99d3b1d562acc3e80026e48,DeepSeek-Coder-V2-Lite-Instruct,bigcodebench_instruct,BigCodeBench/404,refinement_need_decision,non_exact_decision_response,stop,raw/run_c99d3b1d562acc3e80026e48/call_bdc87b47b75647b23d760619.response,5c38e98e2d4b7aa90d406e77b56591c272a4fa068d50af176ea5a1b99b1ed870,data/selected_raw_response_evidence/responses/call_bdc87b47b75647b23d760619.response
call_bde740ffe7500727ebac9af6,run_c99d3b1d562acc3e80026e48,DeepSeek-Coder-V2-Lite-Instruct,bigcodebench_instruct,BigCodeBench/518,refinement_need_decision,non_exact_decision_response,stop,raw/run_c99d3b1d562acc3e80026e48/call_bde740ffe7500727ebac9af6.response,5c38e98e2d4b7aa90d406e77b56591c272a4fa068d50af176ea5a1b99b1ed870,data/selected_raw_response_evidence/responses/call_bde740ffe7500727ebac9af6.response
call_c0c4f0b587b68ef6466fae50,run_c99d3b1d562acc3e80026e48,Qwen3-Coder-30B-A3B-Instruct-FP8,bigcodebench_instruct,BigCodeBench/728,refinement_need_decision,non_exact_decision_response,length,raw/run_c99d3b1d562acc3e80026e48/call_c0c4f0b587b68ef6466fae50.response,16799e63bdedc21b8fb16e14685297e72841be95eff7311a4eb5d80e5a500b09,data/selected_raw_response_evidence/responses/call_c0c4f0b587b68ef6466fae50.response
call_c1cb508721242cd1af9f05e0,run_c99d3b1d562acc3e80026e48,DeepSeek-Coder-V2-Lite-Instruct,bigcodebench_instruct,BigCodeBench/93,refinement_need_decision,non_exact_decision_response,stop,raw/run_c99d3b1d562acc3e80026e48/call_c1cb508721242cd1af9f05e0.response,5c38e98e2d4b7aa90d406e77b56591c272a4fa068d50af176ea5a1b99b1ed870,data/selected_raw_response_evidence/responses/call_c1cb508721242cd1af9f05e0.response
call_c44c1910ff51656b0c2dcc55,run_c99d3b1d562acc3e80026e48,DeepSeek-Coder-V2-Lite-Instruct,bigcodebench_instruct,BigCodeBench/651,refinement_need_decision,non_exact_decision_response,stop,raw/run_c99d3b1d562acc3e80026e48/call_c44c1910ff51656b0c2dcc55.response,5c38e98e2d4b7aa90d406e77b56591c272a4fa068d50af176ea5a1b99b1ed870,data/selected_raw_response_evidence/responses/call_c44c1910ff51656b0c2dcc55.response
call_c480a8c6cc5d8bb3f5bdd716,run_c99d3b1d562acc3e80026e48,DeepSeek-Coder-V2-Lite-Instruct,bigcodebench_instruct,BigCodeBench/92,refinement_need_decision,non_exact_decision_response,stop,raw/run_c99d3b1d562acc3e80026e48/call_c480a8c6cc5d8bb3f5bdd716.response,5c38e98e2d4b7aa90d406e77b56591c272a4fa068d50af176ea5a1b99b1ed870,data/selected_raw_response_evidence/responses/call_c480a8c6cc5d8bb3f5bdd716.response
call_c74e1d60652b966711337003,run_c99d3b1d562acc3e80026e48,DeepSeek-Coder-V2-Lite-Instruct,mbpp_plus,Mbpp/239,refinement_need_decision,non_exact_decision_response,stop,raw/run_c99d3b1d562acc3e80026e48/call_c74e1d60652b966711337003.response,5c38e98e2d4b7aa90d406e77b56591c272a4fa068d50af176ea5a1b99b1ed870,data/selected_raw_response_evidence/responses/call_c74e1d60652b966711337003.response
call_c7d06a23ff1ade5ff090b02b,run_c99d3b1d562acc3e80026e48,DeepSeek-Coder-V2-Lite-Instruct,bigcodebench_instruct,BigCodeBench/9,refinement_need_decision,non_exact_decision_response,stop,raw/run_c99d3b1d562acc3e80026e48/call_c7d06a23ff1ade5ff090b02b.response,5c38e98e2d4b7aa90d406e77b56591c272a4fa068d50af176ea5a1b99b1ed870,data/selected_raw_response_evidence/responses/call_c7d06a23ff1ade5ff090b02b.response
call_c82cb372bec0b5e35c7ad835,run_c99d3b1d562acc3e80026e48,DeepSeek-Coder-V2-Lite-Instruct,bigcodebench_instruct,BigCodeBench/1026,refinement_need_decision,non_exact_decision_response,stop,raw/run_c99d3b1d562acc3e80026e48/call_c82cb372bec0b5e35c7ad835.response,5c38e98e2d4b7aa90d406e77b56591c272a4fa068d50af176ea5a1b99b1ed870,data/selected_raw_response_evidence/responses/call_c82cb372bec0b5e35c7ad835.response
call_c951fd8520d668579ad835b5,run_c99d3b1d562acc3e80026e48,DeepSeek-Coder-V2-Lite-Instruct,bigcodebench_instruct,BigCodeBench/622,refinement_need_decision,non_exact_decision_response,stop,raw/run_c99d3b1d562acc3e80026e48/call_c951fd8520d668579ad835b5.response,5c38e98e2d4b7aa90d406e77b56591c272a4fa068d50af176ea5a1b99b1ed870,data/selected_raw_response_evidence/responses/call_c951fd8520d668579ad835b5.response
call_cac2f5985c54afdca38eca3c,run_c99d3b1d562acc3e80026e48,DeepSeek-Coder-V2-Lite-Instruct,bigcodebench_instruct,BigCodeBench/986,refinement_need_decision,non_exact_decision_response,stop,raw/run_c99d3b1d562acc3e80026e48/call_cac2f5985c54afdca38eca3c.response,5c38e98e2d4b7aa90d406e77b56591c272a4fa068d50af176ea5a1b99b1ed870,data/selected_raw_response_evidence/responses/call_cac2f5985c54afdca38eca3c.response
call_cb8760add61e4b3fdc32bd82,run_c99d3b1d562acc3e80026e48,Qwen3-Coder-30B-A3B-Instruct-FP8,humaneval_plus,HumanEval/130,direct_generation,malformed_candidate,length,raw/run_c99d3b1d562acc3e80026e48/call_cb8760add61e4b3fdc32bd82.response,5429693ed9d80ddbb0a2279ec18d6d0ef19bf36d2914bab1c26922d80f07a571,data/selected_raw_response_evidence/responses/call_cb8760add61e4b3fdc32bd82.response
call_cdcf47cbd67c9f0b45957610,run_c99d3b1d562acc3e80026e48,DeepSeek-Coder-V2-Lite-Instruct,bigcodebench_instruct,BigCodeBench/169,refinement_need_decision,non_exact_decision_response,stop,raw/run_c99d3b1d562acc3e80026e48/call_cdcf47cbd67c9f0b45957610.response,5c38e98e2d4b7aa90d406e77b56591c272a4fa068d50af176ea5a1b99b1ed870,data/selected_raw_response_evidence/responses/call_cdcf47cbd67c9f0b45957610.response
call_ce76c40346d275a5aecbae31,run_c99d3b1d562acc3e80026e48,DeepSeek-Coder-V2-Lite-Instruct,bigcodebench_instruct,BigCodeBench/610,refinement_need_decision,non_exact_decision_response,stop,raw/run_c99d3b1d562acc3e80026e48/call_ce76c40346d275a5aecbae31.response,5c38e98e2d4b7aa90d406e77b56591c272a4fa068d50af176ea5a1b99b1ed870,data/selected_raw_response_evidence/responses/call_ce76c40346d275a5aecbae31.response
call_cf95176129f57bc59f0eb0f4,run_c99d3b1d562acc3e80026e48,DeepSeek-Coder-V2-Lite-Instruct,bigcodebench_instruct,BigCodeBench/133,refinement_need_decision,non_exact_decision_response,stop,raw/run_c99d3b1d562acc3e80026e48/call_cf95176129f57bc59f0eb0f4.response,5c38e98e2d4b7aa90d406e77b56591c272a4fa068d50af176ea5a1b99b1ed870,data/selected_raw_response_evidence/responses/call_cf95176129f57bc59f0eb0f4.response
call_d167e27c45ec1c47aceb48db,run_c99d3b1d562acc3e80026e48,DeepSeek-Coder-V2-Lite-Instruct,mbpp_plus,Mbpp/290,refinement_need_decision,non_exact_decision_response,stop,raw/run_c99d3b1d562acc3e80026e48/call_d167e27c45ec1c47aceb48db.response,5c38e98e2d4b7aa90d406e77b56591c272a4fa068d50af176ea5a1b99b1ed870,data/selected_raw_response_evidence/responses/call_d167e27c45ec1c47aceb48db.response
call_d4181e436e2b259588d8fcb8,run_c99d3b1d562acc3e80026e48,DeepSeek-Coder-V2-Lite-Instruct,bigcodebench_instruct,BigCodeBench/392,refinement_need_decision,non_exact_decision_response,stop,raw/run_c99d3b1d562acc3e80026e48/call_d4181e436e2b259588d8fcb8.response,5c38e98e2d4b7aa90d406e77b56591c272a4fa068d50af176ea5a1b99b1ed870,data/selected_raw_response_evidence/responses/call_d4181e436e2b259588d8fcb8.response
call_d418d767cce59e6e5e1f760d,run_c99d3b1d562acc3e80026e48,Qwen3-Coder-30B-A3B-Instruct-FP8,mbpp_plus,Mbpp/781,refinement_need_decision,non_exact_decision_response,length,raw/run_c99d3b1d562acc3e80026e48/call_d418d767cce59e6e5e1f760d.response,69689f34f08265daf1c3c35db79886fe57e1abe1e458b7e45f1876b3fa5119b6,data/selected_raw_response_evidence/responses/call_d418d767cce59e6e5e1f760d.response
call_d5199404362016a43ba31ee7,run_c99d3b1d562acc3e80026e48,Qwen3-Coder-30B-A3B-Instruct-FP8,bigcodebench_instruct,BigCodeBench/650,refinement_need_decision,non_exact_decision_response,length,raw/run_c99d3b1d562acc3e80026e48/call_d5199404362016a43ba31ee7.response,5aad8b9240a2253963e014cceb42dd3d8009d770238f4bc65adad3753d98d53a,data/selected_raw_response_evidence/responses/call_d5199404362016a43ba31ee7.response
call_d5427b923ff1273688d2c8be,run_c99d3b1d562acc3e80026e48,DeepSeek-Coder-V2-Lite-Instruct,bigcodebench_instruct,BigCodeBench/513,refinement_need_decision,non_exact_decision_response,stop,raw/run_c99d3b1d562acc3e80026e48/call_d5427b923ff1273688d2c8be.response,5c38e98e2d4b7aa90d406e77b56591c272a4fa068d50af176ea5a1b99b1ed870,data/selected_raw_response_evidence/responses/call_d5427b923ff1273688d2c8be.response
call_d5a4e1e151892e12abb78761,run_c99d3b1d562acc3e80026e48,DeepSeek-Coder-V2-Lite-Instruct,bigcodebench_instruct,BigCodeBench/970,refinement_need_decision,non_exact_decision_response,stop,raw/run_c99d3b1d562acc3e80026e48/call_d5a4e1e151892e12abb78761.response,5c38e98e2d4b7aa90d406e77b56591c272a4fa068d50af176ea5a1b99b1ed870,data/selected_raw_response_evidence/responses/call_d5a4e1e151892e12abb78761.response
call_d62432f0b2c8c3425089e6ee,run_c99d3b1d562acc3e80026e48,DeepSeek-Coder-V2-Lite-Instruct,bigcodebench_instruct,BigCodeBench/957,refinement_need_decision,non_exact_decision_response,stop,raw/run_c99d3b1d562acc3e80026e48/call_d62432f0b2c8c3425089e6ee.response,5c38e98e2d4b7aa90d406e77b56591c272a4fa068d50af176ea5a1b99b1ed870,data/selected_raw_response_evidence/responses/call_d62432f0b2c8c3425089e6ee.response
call_d6b423db2fe0db8dc41c2d73,run_c99d3b1d562acc3e80026e48,DeepSeek-Coder-V2-Lite-Instruct,mbpp_plus,Mbpp/428,refinement_need_decision,non_exact_decision_response,stop,raw/run_c99d3b1d562acc3e80026e48/call_d6b423db2fe0db8dc41c2d73.response,5c38e98e2d4b7aa90d406e77b56591c272a4fa068d50af176ea5a1b99b1ed870,data/selected_raw_response_evidence/responses/call_d6b423db2fe0db8dc41c2d73.response
call_d71497a340c8fe544740f928,run_c99d3b1d562acc3e80026e48,Qwen3-Coder-30B-A3B-Instruct-FP8,bigcodebench_instruct,BigCodeBench/200,refinement_need_decision,non_exact_decision_response,length,raw/run_c99d3b1d562acc3e80026e48/call_d71497a340c8fe544740f928.response,4efa58933117644738ca3d335e0a49f14e768a96cf3877eb219463acce65b2aa,data/selected_raw_response_evidence/responses/call_d71497a340c8fe544740f928.response
call_d8d66cac575f0645cfe7e885,run_c99d3b1d562acc3e80026e48,DeepSeek-Coder-V2-Lite-Instruct,bigcodebench_instruct,BigCodeBench/236,refinement_need_decision,non_exact_decision_response,stop,raw/run_c99d3b1d562acc3e80026e48/call_d8d66cac575f0645cfe7e885.response,5c38e98e2d4b7aa90d406e77b56591c272a4fa068d50af176ea5a1b99b1ed870,data/selected_raw_response_evidence/responses/call_d8d66cac575f0645cfe7e885.response
call_db58e95c578d314eb84ce0a5,run_c99d3b1d562acc3e80026e48,DeepSeek-Coder-V2-Lite-Instruct,bigcodebench_instruct,BigCodeBench/589,refinement_need_decision,non_exact_decision_response,stop,raw/run_c99d3b1d562acc3e80026e48/call_db58e95c578d314eb84ce0a5.response,5c38e98e2d4b7aa90d406e77b56591c272a4fa068d50af176ea5a1b99b1ed870,data/selected_raw_response_evidence/responses/call_db58e95c578d314eb84ce0a5.response
call_dbfe4b36daf84c10d3e8c16a,run_c99d3b1d562acc3e80026e48,DeepSeek-Coder-V2-Lite-Instruct,bigcodebench_instruct,BigCodeBench/985,refinement_need_decision,non_exact_decision_response,stop,raw/run_c99d3b1d562acc3e80026e48/call_dbfe4b36daf84c10d3e8c16a.response,5c38e98e2d4b7aa90d406e77b56591c272a4fa068d50af176ea5a1b99b1ed870,data/selected_raw_response_evidence/responses/call_dbfe4b36daf84c10d3e8c16a.response
call_dd91b3fd6ff2a7317e42fba4,run_c99d3b1d562acc3e80026e48,Qwen3-Coder-30B-A3B-Instruct-FP8,bigcodebench_instruct,BigCodeBench/614,refinement_need_decision,non_exact_decision_response,length,raw/run_c99d3b1d562acc3e80026e48/call_dd91b3fd6ff2a7317e42fba4.response,a76b2338f89c9fa24f5a49700b64b180cfa07425982a3fdf46e9c440c90d9f3a,data/selected_raw_response_evidence/responses/call_dd91b3fd6ff2a7317e42fba4.response
call_de5f31ced094b8c52a742e69,run_c99d3b1d562acc3e80026e48,DeepSeek-Coder-V2-Lite-Instruct,bigcodebench_instruct,BigCodeBench/493,refinement_need_decision,non_exact_decision_response,stop,raw/run_c99d3b1d562acc3e80026e48/call_de5f31ced094b8c52a742e69.response,5c38e98e2d4b7aa90d406e77b56591c272a4fa068d50af176ea5a1b99b1ed870,data/selected_raw_response_evidence/responses/call_de5f31ced094b8c52a742e69.response
call_dffaf19d56d94ef4bd359d8a,run_c99d3b1d562acc3e80026e48,Qwen3-Coder-30B-A3B-Instruct-FP8,bigcodebench_instruct,BigCodeBench/892,refinement_need_decision,non_exact_decision_response,length,raw/run_c99d3b1d562acc3e80026e48/call_dffaf19d56d94ef4bd359d8a.response,d7ebef1086ee6f303aca8f615b620d4dc99be146703d36270b68fe2bfcefcfcb,data/selected_raw_response_evidence/responses/call_dffaf19d56d94ef4bd359d8a.response
call_e03c9db07e52d9969e573225,run_c99d3b1d562acc3e80026e48,DeepSeek-Coder-V2-Lite-Instruct,bigcodebench_instruct,BigCodeBench/164,refinement_need_decision,non_exact_decision_response,stop,raw/run_c99d3b1d562acc3e80026e48/call_e03c9db07e52d9969e573225.response,5c38e98e2d4b7aa90d406e77b56591c272a4fa068d50af176ea5a1b99b1ed870,data/selected_raw_response_evidence/responses/call_e03c9db07e52d9969e573225.response
call_e068a857b57b4e7c97792d0c,run_c99d3b1d562acc3e80026e48,DeepSeek-Coder-V2-Lite-Instruct,bigcodebench_instruct,BigCodeBench/359,refinement_need_decision,non_exact_decision_response,stop,raw/run_c99d3b1d562acc3e80026e48/call_e068a857b57b4e7c97792d0c.response,5c38e98e2d4b7aa90d406e77b56591c272a4fa068d50af176ea5a1b99b1ed870,data/selected_raw_response_evidence/responses/call_e068a857b57b4e7c97792d0c.response
call_e1531fb8a6566ac24ce841ff,run_c99d3b1d562acc3e80026e48,Qwen3-Coder-30B-A3B-Instruct-FP8,bigcodebench_instruct,BigCodeBench/167,refinement_need_decision,non_exact_decision_response,length,raw/run_c99d3b1d562acc3e80026e48/call_e1531fb8a6566ac24ce841ff.response,55fda48487a07c572bcc78f495f21e5dfdbc8c02c35c1ca796b74f6ba03c4e3f,data/selected_raw_response_evidence/responses/call_e1531fb8a6566ac24ce841ff.response
call_e2a23c2ba1ecd4a64f7ff5c2,run_c99d3b1d562acc3e80026e48,DeepSeek-Coder-V2-Lite-Instruct,bigcodebench_instruct,BigCodeBench/1078,refinement_need_decision,non_exact_decision_response,stop,raw/run_c99d3b1d562acc3e80026e48/call_e2a23c2ba1ecd4a64f7ff5c2.response,5c38e98e2d4b7aa90d406e77b56591c272a4fa068d50af176ea5a1b99b1ed870,data/selected_raw_response_evidence/responses/call_e2a23c2ba1ecd4a64f7ff5c2.response
call_e3e4178767844271d5789f4c,run_c99d3b1d562acc3e80026e48,DeepSeek-Coder-V2-Lite-Instruct,bigcodebench_instruct,BigCodeBench/476,refinement_need_decision,non_exact_decision_response,stop,raw/run_c99d3b1d562acc3e80026e48/call_e3e4178767844271d5789f4c.response,5c38e98e2d4b7aa90d406e77b56591c272a4fa068d50af176ea5a1b99b1ed870,data/selected_raw_response_evidence/responses/call_e3e4178767844271d5789f4c.response
call_e3fe134510473f7c1254d6ab,run_c99d3b1d562acc3e80026e48,DeepSeek-Coder-V2-Lite-Instruct,bigcodebench_instruct,BigCodeBench/1105,refinement_need_decision,non_exact_decision_response,stop,raw/run_c99d3b1d562acc3e80026e48/call_e3fe134510473f7c1254d6ab.response,5c38e98e2d4b7aa90d406e77b56591c272a4fa068d50af176ea5a1b99b1ed870,data/selected_raw_response_evidence/responses/call_e3fe134510473f7c1254d6ab.response
call_e64452ac34d6f57af4558137,run_c99d3b1d562acc3e80026e48,DeepSeek-Coder-V2-Lite-Instruct,bigcodebench_instruct,BigCodeBench/160,refinement_need_decision,non_exact_decision_response,stop,raw/run_c99d3b1d562acc3e80026e48/call_e64452ac34d6f57af4558137.response,5c38e98e2d4b7aa90d406e77b56591c272a4fa068d50af176ea5a1b99b1ed870,data/selected_raw_response_evidence/responses/call_e64452ac34d6f57af4558137.response
call_e7abe342a85a0b72d4e1e9da,run_c99d3b1d562acc3e80026e48,DeepSeek-Coder-V2-Lite-Instruct,bigcodebench_instruct,BigCodeBench/47,refinement_need_decision,non_exact_decision_response,stop,raw/run_c99d3b1d562acc3e80026e48/call_e7abe342a85a0b72d4e1e9da.response,5c38e98e2d4b7aa90d406e77b56591c272a4fa068d50af176ea5a1b99b1ed870,data/selected_raw_response_evidence/responses/call_e7abe342a85a0b72d4e1e9da.response
call_e7c5d3926830b1c3947e4951,run_c99d3b1d562acc3e80026e48,DeepSeek-Coder-V2-Lite-Instruct,bigcodebench_instruct,BigCodeBench/770,refinement_need_decision,non_exact_decision_response,stop,raw/run_c99d3b1d562acc3e80026e48/call_e7c5d3926830b1c3947e4951.response,5c38e98e2d4b7aa90d406e77b56591c272a4fa068d50af176ea5a1b99b1ed870,data/selected_raw_response_evidence/responses/call_e7c5d3926830b1c3947e4951.response
call_e861afd0f8754e37ed35b4b7,run_c99d3b1d562acc3e80026e48,DeepSeek-Coder-V2-Lite-Instruct,bigcodebench_instruct,BigCodeBench/914,refinement_need_decision,non_exact_decision_response,stop,raw/run_c99d3b1d562acc3e80026e48/call_e861afd0f8754e37ed35b4b7.response,5c38e98e2d4b7aa90d406e77b56591c272a4fa068d50af176ea5a1b99b1ed870,data/selected_raw_response_evidence/responses/call_e861afd0f8754e37ed35b4b7.response
call_e8c986858bce386616aa6e51,run_c99d3b1d562acc3e80026e48,Gemma-4-31B-Instruct-QAT-W4A16,mbpp_plus,Mbpp/777,direct_generation,malformed_candidate,stop,raw/run_c99d3b1d562acc3e80026e48/call_e8c986858bce386616aa6e51.response,ebb3cf136ad60a1c6e139f58a3627dc9ae51723c198a93065a0fae976877dffb,data/selected_raw_response_evidence/responses/call_e8c986858bce386616aa6e51.response
call_ec444495ffc34657ea64c6b8,run_c99d3b1d562acc3e80026e48,DeepSeek-Coder-V2-Lite-Instruct,mbpp_plus,Mbpp/793,refinement_need_decision,non_exact_decision_response,stop,raw/run_c99d3b1d562acc3e80026e48/call_ec444495ffc34657ea64c6b8.response,5c38e98e2d4b7aa90d406e77b56591c272a4fa068d50af176ea5a1b99b1ed870,data/selected_raw_response_evidence/responses/call_ec444495ffc34657ea64c6b8.response
call_ecd7451109d4c32ed31cfbb4,run_c99d3b1d562acc3e80026e48,DeepSeek-Coder-V2-Lite-Instruct,bigcodebench_instruct,BigCodeBench/219,refinement_need_decision,non_exact_decision_response,stop,raw/run_c99d3b1d562acc3e80026e48/call_ecd7451109d4c32ed31cfbb4.response,5c38e98e2d4b7aa90d406e77b56591c272a4fa068d50af176ea5a1b99b1ed870,data/selected_raw_response_evidence/responses/call_ecd7451109d4c32ed31cfbb4.response
call_ed01398bc63f9005ad161ce8,run_c99d3b1d562acc3e80026e48,DeepSeek-Coder-V2-Lite-Instruct,bigcodebench_instruct,BigCodeBench/71,refinement_need_decision,non_exact_decision_response,stop,raw/run_c99d3b1d562acc3e80026e48/call_ed01398bc63f9005ad161ce8.response,5c38e98e2d4b7aa90d406e77b56591c272a4fa068d50af176ea5a1b99b1ed870,data/selected_raw_response_evidence/responses/call_ed01398bc63f9005ad161ce8.response
call_ede04ca9377d95d39d02c6bc,run_c99d3b1d562acc3e80026e48,DeepSeek-Coder-V2-Lite-Instruct,bigcodebench_instruct,BigCodeBench/299,refinement_need_decision,non_exact_decision_response,stop,raw/run_c99d3b1d562acc3e80026e48/call_ede04ca9377d95d39d02c6bc.response,5c38e98e2d4b7aa90d406e77b56591c272a4fa068d50af176ea5a1b99b1ed870,data/selected_raw_response_evidence/responses/call_ede04ca9377d95d39d02c6bc.response
call_f11ef739fe1578bc2cc944f0,run_c99d3b1d562acc3e80026e48,DeepSeek-Coder-V2-Lite-Instruct,bigcodebench_instruct,BigCodeBench/616,refinement_need_decision,non_exact_decision_response,stop,raw/run_c99d3b1d562acc3e80026e48/call_f11ef739fe1578bc2cc944f0.response,5c38e98e2d4b7aa90d406e77b56591c272a4fa068d50af176ea5a1b99b1ed870,data/selected_raw_response_evidence/responses/call_f11ef739fe1578bc2cc944f0.response
call_f146d3882d9af3bbac082237,run_c99d3b1d562acc3e80026e48,DeepSeek-Coder-V2-Lite-Instruct,bigcodebench_instruct,BigCodeBench/555,refinement_need_decision,non_exact_decision_response,stop,raw/run_c99d3b1d562acc3e80026e48/call_f146d3882d9af3bbac082237.response,5c38e98e2d4b7aa90d406e77b56591c272a4fa068d50af176ea5a1b99b1ed870,data/selected_raw_response_evidence/responses/call_f146d3882d9af3bbac082237.response
call_f3088d1779354904be8f25cd,run_c99d3b1d562acc3e80026e48,DeepSeek-Coder-V2-Lite-Instruct,bigcodebench_instruct,BigCodeBench/201,refinement_need_decision,non_exact_decision_response,stop,raw/run_c99d3b1d562acc3e80026e48/call_f3088d1779354904be8f25cd.response,5c38e98e2d4b7aa90d406e77b56591c272a4fa068d50af176ea5a1b99b1ed870,data/selected_raw_response_evidence/responses/call_f3088d1779354904be8f25cd.response
call_f44e1302793ba82f66e0dd44,run_c99d3b1d562acc3e80026e48,DeepSeek-Coder-V2-Lite-Instruct,bigcodebench_instruct,BigCodeBench/613,refinement_need_decision,non_exact_decision_response,stop,raw/run_c99d3b1d562acc3e80026e48/call_f44e1302793ba82f66e0dd44.response,5c38e98e2d4b7aa90d406e77b56591c272a4fa068d50af176ea5a1b99b1ed870,data/selected_raw_response_evidence/responses/call_f44e1302793ba82f66e0dd44.response
call_f514d9419d020069ef3c72c1,run_c99d3b1d562acc3e80026e48,DeepSeek-Coder-V2-Lite-Instruct,bigcodebench_instruct,BigCodeBench/108,refinement_need_decision,non_exact_decision_response,stop,raw/run_c99d3b1d562acc3e80026e48/call_f514d9419d020069ef3c72c1.response,5c38e98e2d4b7aa90d406e77b56591c272a4fa068d50af176ea5a1b99b1ed870,data/selected_raw_response_evidence/responses/call_f514d9419d020069ef3c72c1.response
call_f59faec1c6c46c69f954ad57,run_c99d3b1d562acc3e80026e48,DeepSeek-Coder-V2-Lite-Instruct,bigcodebench_instruct,BigCodeBench/559,refinement_need_decision,non_exact_decision_response,stop,raw/run_c99d3b1d562acc3e80026e48/call_f59faec1c6c46c69f954ad57.response,5c38e98e2d4b7aa90d406e77b56591c272a4fa068d50af176ea5a1b99b1ed870,data/selected_raw_response_evidence/responses/call_f59faec1c6c46c69f954ad57.response
call_f66ade9e4c4ffa483dc22fd5,run_c99d3b1d562acc3e80026e48,DeepSeek-Coder-V2-Lite-Instruct,bigcodebench_instruct,BigCodeBench/521,refinement_need_decision,non_exact_decision_response,stop,raw/run_c99d3b1d562acc3e80026e48/call_f66ade9e4c4ffa483dc22fd5.response,5c38e98e2d4b7aa90d406e77b56591c272a4fa068d50af176ea5a1b99b1ed870,data/selected_raw_response_evidence/responses/call_f66ade9e4c4ffa483dc22fd5.response
call_f6fecc895f3778169221b975,run_c99d3b1d562acc3e80026e48,DeepSeek-Coder-V2-Lite-Instruct,mbpp_plus,Mbpp/223,refinement_need_decision,non_exact_decision_response,stop,raw/run_c99d3b1d562acc3e80026e48/call_f6fecc895f3778169221b975.response,5c38e98e2d4b7aa90d406e77b56591c272a4fa068d50af176ea5a1b99b1ed870,data/selected_raw_response_evidence/responses/call_f6fecc895f3778169221b975.response
call_f800c2c3a99fdd14e8c2cd6c,run_c99d3b1d562acc3e80026e48,DeepSeek-Coder-V2-Lite-Instruct,mbpp_plus,Mbpp/468,refinement_need_decision,non_exact_decision_response,stop,raw/run_c99d3b1d562acc3e80026e48/call_f800c2c3a99fdd14e8c2cd6c.response,5c38e98e2d4b7aa90d406e77b56591c272a4fa068d50af176ea5a1b99b1ed870,data/selected_raw_response_evidence/responses/call_f800c2c3a99fdd14e8c2cd6c.response
call_f830514fb986c6813507d98e,run_c99d3b1d562acc3e80026e48,DeepSeek-Coder-V2-Lite-Instruct,bigcodebench_instruct,BigCodeBench/109,refinement_need_decision,non_exact_decision_response,stop,raw/run_c99d3b1d562acc3e80026e48/call_f830514fb986c6813507d98e.response,5c38e98e2d4b7aa90d406e77b56591c272a4fa068d50af176ea5a1b99b1ed870,data/selected_raw_response_evidence/responses/call_f830514fb986c6813507d98e.response
call_f89181f8e5d22d0a5cf5f8a8,run_c99d3b1d562acc3e80026e48,DeepSeek-Coder-V2-Lite-Instruct,bigcodebench_instruct,BigCodeBench/155,refinement_need_decision,non_exact_decision_response,stop,raw/run_c99d3b1d562acc3e80026e48/call_f89181f8e5d22d0a5cf5f8a8.response,5c38e98e2d4b7aa90d406e77b56591c272a4fa068d50af176ea5a1b99b1ed870,data/selected_raw_response_evidence/responses/call_f89181f8e5d22d0a5cf5f8a8.response
call_fa2cd1d6221f4bbcf845269b,run_c99d3b1d562acc3e80026e48,Devstral-Small-2-24B-Instruct,mbpp_plus,Mbpp/306,direct_generation,malformed_candidate,length,raw/run_c99d3b1d562acc3e80026e48/call_fa2cd1d6221f4bbcf845269b.response,5012e9ea4cdccef7850673a325f372b3f7e3f9a07de4a33be7834523b61ab15f,data/selected_raw_response_evidence/responses/call_fa2cd1d6221f4bbcf845269b.response
call_fc59592b8020ed4ceef40f6c,run_c99d3b1d562acc3e80026e48,DeepSeek-Coder-V2-Lite-Instruct,bigcodebench_instruct,BigCodeBench/135,refinement_need_decision,non_exact_decision_response,stop,raw/run_c99d3b1d562acc3e80026e48/call_fc59592b8020ed4ceef40f6c.response,5c38e98e2d4b7aa90d406e77b56591c272a4fa068d50af176ea5a1b99b1ed870,data/selected_raw_response_evidence/responses/call_fc59592b8020ed4ceef40f6c.response
call_fc81ccd061fc5786d8309d71,run_c99d3b1d562acc3e80026e48,DeepSeek-Coder-V2-Lite-Instruct,bigcodebench_instruct,BigCodeBench/209,refinement_need_decision,non_exact_decision_response,stop,raw/run_c99d3b1d562acc3e80026e48/call_fc81ccd061fc5786d8309d71.response,5c38e98e2d4b7aa90d406e77b56591c272a4fa068d50af176ea5a1b99b1ed870,data/selected_raw_response_evidence/responses/call_fc81ccd061fc5786d8309d71.response
call_fcc965020a07e74717f718db,run_c99d3b1d562acc3e80026e48,DeepSeek-Coder-V2-Lite-Instruct,bigcodebench_instruct,BigCodeBench/344,refinement_need_decision,non_exact_decision_response,stop,raw/run_c99d3b1d562acc3e80026e48/call_fcc965020a07e74717f718db.response,5c38e98e2d4b7aa90d406e77b56591c272a4fa068d50af176ea5a1b99b1ed870,data/selected_raw_response_evidence/responses/call_fcc965020a07e74717f718db.response
call_fd5a032a2051ab8a521c3bfa,run_c99d3b1d562acc3e80026e48,DeepSeek-Coder-V2-Lite-Instruct,bigcodebench_instruct,BigCodeBench/969,refinement_need_decision,non_exact_decision_response,stop,raw/run_c99d3b1d562acc3e80026e48/call_fd5a032a2051ab8a521c3bfa.response,5c38e98e2d4b7aa90d406e77b56591c272a4fa068d50af176ea5a1b99b1ed870,data/selected_raw_response_evidence/responses/call_fd5a032a2051ab8a521c3bfa.response
call_fd7159963faba03b89a95966,run_c99d3b1d562acc3e80026e48,Gemma-4-31B-Instruct-QAT-W4A16,mbpp_plus,Mbpp/430,direct_generation,malformed_candidate,length,raw/run_c99d3b1d562acc3e80026e48/call_fd7159963faba03b89a95966.response,938c0a4ea55dd943542cc17aefa0b0c0af5cd253709bc61b1e9e8398f9fccf6e,data/selected_raw_response_evidence/responses/call_fd7159963faba03b89a95966.response
call_fde08f31d2927ffbe5457bf7,run_c99d3b1d562acc3e80026e48,DeepSeek-Coder-V2-Lite-Instruct,bigcodebench_instruct,BigCodeBench/531,refinement_need_decision,non_exact_decision_response,stop,raw/run_c99d3b1d562acc3e80026e48/call_fde08f31d2927ffbe5457bf7.response,5c38e98e2d4b7aa90d406e77b56591c272a4fa068d50af176ea5a1b99b1ed870,data/selected_raw_response_evidence/responses/call_fde08f31d2927ffbe5457bf7.response
call_fde98cbc2548bb5353ed58c3,run_c99d3b1d562acc3e80026e48,DeepSeek-Coder-V2-Lite-Instruct,bigcodebench_instruct,BigCodeBench/210,refinement_need_decision,non_exact_decision_response,stop,raw/run_c99d3b1d562acc3e80026e48/call_fde98cbc2548bb5353ed58c3.response,5c38e98e2d4b7aa90d406e77b56591c272a4fa068d50af176ea5a1b99b1ed870,data/selected_raw_response_evidence/responses/call_fde98cbc2548bb5353ed58c3.response
call_fff3ab3db1728c68c070e112,run_c99d3b1d562acc3e80026e48,Qwen3-Coder-30B-A3B-Instruct-FP8,bigcodebench_instruct,BigCodeBench/441,refinement_need_decision,non_exact_decision_response,length,raw/run_c99d3b1d562acc3e80026e48/call_fff3ab3db1728c68c070e112.response,97fc436e813164b431a017e3bf5da19dd7b83dfdd058ca4049119ef5fcc20be0,data/selected_raw_response_evidence/responses/call_fff3ab3db1728c68c070e112.response
call_0a052bbad99cfe37af53f386,run_1dd46dd4a0ae265ab7a184a9,Qwen2.5-Coder-7B-Instruct,bigcodebench_instruct,BigCodeBench/684,critique_conditioned_revision,malformed_candidate,stop,raw/run_1dd46dd4a0ae265ab7a184a9/call_0a052bbad99cfe37af53f386.response,41e56428e724f767b6d58030244902543256648b88676c278c60e97ef36217c7,data/selected_raw_response_evidence/responses/call_0a052bbad99cfe37af53f386.response
call_12a038b317949a24d7ce25ec,run_1dd46dd4a0ae265ab7a184a9,Qwen2.5-Coder-7B-Instruct,bigcodebench_instruct,BigCodeBench/810,critique_conditioned_revision,malformed_candidate,stop,raw/run_1dd46dd4a0ae265ab7a184a9/call_12a038b317949a24d7ce25ec.response,5193ed3ad83eac42adff6c3ebdc5b1f7ba4480be29e7605382ffcac4f86bfbf9,data/selected_raw_response_evidence/responses/call_12a038b317949a24d7ce25ec.response
call_24160ea30a40f16c4467b489,run_1dd46dd4a0ae265ab7a184a9,Qwen2.5-Coder-7B-Instruct,bigcodebench_instruct,BigCodeBench/97,critique_conditioned_revision,malformed_candidate,stop,raw/run_1dd46dd4a0ae265ab7a184a9/call_24160ea30a40f16c4467b489.response,29ee85d8a8ff0fdde39502164f3e0e94c1e69666eb91976bfb57841b736673bc,data/selected_raw_response_evidence/responses/call_24160ea30a40f16c4467b489.response
call_38049a5800654d7963cd6d79,run_1dd46dd4a0ae265ab7a184a9,Qwen3-Coder-30B-A3B-Instruct-FP8,bigcodebench_instruct,BigCodeBench/876,critique_conditioned_revision,malformed_candidate,length,raw/run_1dd46dd4a0ae265ab7a184a9/call_38049a5800654d7963cd6d79.response,f080ea671cca0eecbf655e0fbf52877dea35de59620ce1cd68af76ef0aabe8df,data/selected_raw_response_evidence/responses/call_38049a5800654d7963cd6d79.response
call_7cd036254b217b94a3a19dd8,run_1dd46dd4a0ae265ab7a184a9,Qwen2.5-Coder-7B-Instruct,bigcodebench_instruct,BigCodeBench/851,critique_conditioned_revision,malformed_candidate,stop,raw/run_1dd46dd4a0ae265ab7a184a9/call_7cd036254b217b94a3a19dd8.response,be02917b07afd2522235df9911734a6a4f669a88c5ee99ba78b307ba6ddd119d,data/selected_raw_response_evidence/responses/call_7cd036254b217b94a3a19dd8.response
call_801280d4eda6f9c170a38e01,run_1dd46dd4a0ae265ab7a184a9,Qwen2.5-Coder-7B-Instruct,bigcodebench_instruct,BigCodeBench/709,critique_conditioned_revision,malformed_candidate,stop,raw/run_1dd46dd4a0ae265ab7a184a9/call_801280d4eda6f9c170a38e01.response,ba71543048fa08c19123bbc03596c9a7e13c0f12a772ba93cd2cded5c5879bea,data/selected_raw_response_evidence/responses/call_801280d4eda6f9c170a38e01.response
call_9a59758d4a140e55241e5194,run_1dd46dd4a0ae265ab7a184a9,Devstral-Small-2-24B-Instruct,humaneval_plus,HumanEval/130,critique_conditioned_revision,malformed_candidate,length,raw/run_1dd46dd4a0ae265ab7a184a9/call_9a59758d4a140e55241e5194.response,43abf520d20dbe4e92c3058e95c4f4d4443fd910f32802a42588a240625695b3,data/selected_raw_response_evidence/responses/call_9a59758d4a140e55241e5194.response
call_a49c73ac337bcf7084866bd2,run_1dd46dd4a0ae265ab7a184a9,Qwen2.5-Coder-7B-Instruct,bigcodebench_instruct,BigCodeBench/255,critique_conditioned_revision,malformed_candidate,stop,raw/run_1dd46dd4a0ae265ab7a184a9/call_a49c73ac337bcf7084866bd2.response,7e0872659cd03c339a0b48f7c5054952b741f4c75fd8e5dd2f08a92afae2a340,data/selected_raw_response_evidence/responses/call_a49c73ac337bcf7084866bd2.response
call_b4a7b089ee61fdc88f664244,run_1dd46dd4a0ae265ab7a184a9,Qwen2.5-Coder-7B-Instruct,bigcodebench_instruct,BigCodeBench/367,critique_conditioned_revision,malformed_candidate,stop,raw/run_1dd46dd4a0ae265ab7a184a9/call_b4a7b089ee61fdc88f664244.response,49adfe16f8a64f1d474be8bf79f71d0515b723bdcfca173ce817f8ea0288515e,data/selected_raw_response_evidence/responses/call_b4a7b089ee61fdc88f664244.response
call_b67163aec215638c8dad35e1,run_1dd46dd4a0ae265ab7a184a9,Gemma-4-31B-Instruct-QAT-W4A16,mbpp_plus,Mbpp/603,critique_conditioned_revision,malformed_candidate,length,raw/run_1dd46dd4a0ae265ab7a184a9/call_b67163aec215638c8dad35e1.response,b667e157ec283d3d9c0308587bdcdde20e63401203d5d2f58503fa58d529ee7e,data/selected_raw_response_evidence/responses/call_b67163aec215638c8dad35e1.response
call_b96b172fd253abc3e5f76c65,run_1dd46dd4a0ae265ab7a184a9,Gemma-4-31B-Instruct-QAT-W4A16,mbpp_plus,Mbpp/59,critique_conditioned_revision,malformed_candidate,length,raw/run_1dd46dd4a0ae265ab7a184a9/call_b96b172fd253abc3e5f76c65.response,84a574a7223c658f0ccaf81cf3e129786c89dc3706d1f6f50d5d6ba9b077e688,data/selected_raw_response_evidence/responses/call_b96b172fd253abc3e5f76c65.response
call_dac413250b5280a47d07d62f,run_1dd46dd4a0ae265ab7a184a9,Qwen3-Coder-30B-A3B-Instruct-FP8,mbpp_plus,Mbpp/306,critique_conditioned_revision,malformed_candidate,length,raw/run_1dd46dd4a0ae265ab7a184a9/call_dac413250b5280a47d07d62f.response,474c5daf9262f689f88d2d98e925028f922587b814c036a930848ffee9ad2380,data/selected_raw_response_evidence/responses/call_dac413250b5280a47d07d62f.response
call_dc99f59f68bfb5f47f5f7123,run_1dd46dd4a0ae265ab7a184a9,Qwen2.5-Coder-7B-Instruct,bigcodebench_instruct,BigCodeBench/797,critique_conditioned_revision,malformed_candidate,stop,raw/run_1dd46dd4a0ae265ab7a184a9/call_dc99f59f68bfb5f47f5f7123.response,fb9961ccdea6369a8dec944e8092df4ca039a66391b704824ca3a12cf94c9353,data/selected_raw_response_evidence/responses/call_dc99f59f68bfb5f47f5f7123.response
call_edfb5a3540a35e4c30d9aebf,run_1dd46dd4a0ae265ab7a184a9,Qwen2.5-Coder-7B-Instruct,bigcodebench_instruct,BigCodeBench/946,critique_conditioned_revision,malformed_candidate,stop,raw/run_1dd46dd4a0ae265ab7a184a9/call_edfb5a3540a35e4c30d9aebf.response,4f84d4609c0988bded66d98cba66206507c7ba1d836c221469563110d36dbbe0,data/selected_raw_response_evidence/responses/call_edfb5a3540a35e4c30d9aebf.response
